-0.0017242060275748372	-0.001109608798287809	-0.001645318465307355	-0.0013481884961947799	0.0017268748488277197	-0.0017602647421881557	-0.002088978886604309	0.002473182510584593	-7.657128298887983e-05	0.0004701798316091299	0.0031047766096889973	0.0007302028825506568	0.0002782088704407215	0.0006059055449441075	-0.0011439489899203181	-0.00038618792314082384	-0.0008733251597732306	0.003209789050742984	-0.002120786812156439	-0.002146354643628001	0.0026751344557851553	0.0011861976236104965	0.002022726694121957	-0.002562642330303788	0.0022546646650880575	-0.0008066987502388656	-0.000617184501606971	0.0013209721073508263	-0.0026154217775911093	-0.0016863414784893394	-0.0008265019278042018	0.0032998237293213606	-0.0012229140847921371	-0.0017027808353304863	0.0008043833659030497	-0.0011716792359948158	1.5309264199458994e-05	0.0029966384172439575	-0.001754796365275979	-0.0006656529731117189	-0.0006652140291407704	0.0021475465036928654	-0.0014600529102608562	-0.0028519611805677414	0.001298985444009304	-0.0016573438188061118	0.003208177164196968	0.0025373962707817554	-0.00025737888063304126	-0.00245534535497427	0.0018611022969707847	-0.0031358881387859583	-0.00035092627513222396	-0.00033739415812306106	-0.0005057444795966148	0.003230215283110738	0.0018768139416351914	0.0020495490171015263	0.0012113830307498574	0.0014038902008906007	-0.0024103429168462753	-0.0009523078915663064	0.0032868843991309404	-0.0011006164131686091	-0.0007007993408478796	0.0031187424901872873	-0.0010216752998530865	0.0031987095717340708	0.0007936838665045798	0.0028214608319103718	-0.002054068259894848	-0.001977878389880061	0.002356823068112135	-1.4071751138544641e-05	0.0019451576517894864	0.0020979521796107292	-0.0015583724016323686	-2.634792690514587e-05	0.001244804821908474	0.002450380939990282	0.0014173316303640604	-0.0014455652562901378	0.0016101462533697486	-0.0007453000289388001	0.0025924649089574814	0.002987308194860816	-0.000559654668904841	-0.0025033438578248024	-0.0006606440292671323	-0.00039433385245501995	-0.002059991005808115	-0.001471249503083527	0.0011978907277807593	0.0020624869503080845	-0.0012219686759635806	2.0651061277021654e-05	0.0015315365744754672	0.00013163410767447203	0.0007118097273632884	-0.0006541674374602735	0.0018957058200612664	-0.0017130059422925115	-0.0010398790473118424	0.0009219174389727414	-0.0011652950197458267	0.0011925989529117942	0.0024896555114537477	-0.002242621034383774	-0.0018517744028940797	0.0025656861253082752	0.00012173842696938664	0.002673315815627575	-0.002098023658618331	0.0017714020796120167	-0.0012848669430240989	-0.0014270544052124023	-0.0021866830065846443	0.0031868352089077234	0.0016102386871352792	-0.0009160532499663532	-0.00235684379003942	0.0029804997611790895	-0.0006743206758983433	0.002042289823293686	-0.002518467605113983	0.0010925945825874805	-0.0002361052465857938	0.0020776300225406885	-0.002640248043462634	0.0014297242742031813	-9.424108429811895e-05	0.002927861176431179	0.00036264731897972524	-0.0005887862062081695	-0.0018572515109553933	0.0005868212901987135	-0.0014454354532063007	0.002351107308641076	0.003096245927736163	-0.0010356392012909055	-0.0026199878193438053	-0.002801364753395319	0.0006445299368351698	0.0020341172348707914	-0.00024601162294857204	0.0001080634756362997	-0.00015925038314890116	0.0022396615240722895	-0.0032499958761036396	0.0029138466343283653
0.0013961613876745105	-0.0029450964648276567	0.001431537908501923	0.003023534081876278	-0.0002537222462706268	0.0004985890700481832	-0.001884334720671177	0.0016086258692666888	0.0009436317486688495	-0.0031892857514321804	0.0016643559793010354	-0.0031509113032370806	-0.0014438030775636435	0.0011110777268186212	0.002162455813959241	-0.0012987733352929354	-0.0019557911437004805	-0.0007781064487062395	-0.0022289608605206013	0.0027430534828454256	0.0007403233321383595	0.0001923740783240646	-0.001923454343341291	-0.0012491578236222267	0.0015797597588971257	-0.0013174198102205992	0.0015366392908617854	0.0025295314844697714	-0.0010417337762191892	-0.0012386456364765763	-0.0030668231192976236	0.000990901025943458	-0.003308840561658144	0.00257856328971684	0.0006258448120206594	0.000813450023997575	-0.0028200868982821703	0.0019227834418416023	-0.0012069683289155364	-0.0024754726327955723	-0.0029634153470396996	0.0010232646018266678	-0.001845575519837439	0.00010033028956968337	0.0029332356061786413	0.0030278244521468878	0.002425139071419835	-0.0026098466478288174	-0.000570171105209738	0.0029809141997247934	-0.00214856443926692	0.0015227048425003886	-0.0022567890118807554	0.00019418240117374808	0.0029467102140188217	0.003056003013625741	-0.0019368265056982636	0.002996056107804179	0.0020102239213883877	0.00015408381295856088	0.00033709313720464706	-0.001824442413635552	-0.0006541904294863343	-0.0009075393318198621	0.0007014204747974873	-0.0002539132547099143	-0.0007634776993654668	-0.0024389484897255898	-0.0018185490043833852	-0.00013942745863460004	0.0014413156313821673	-0.0028583938255906105	-0.0028378693386912346	0.0032395310699939728	0.0015971800312399864	0.0009931131498888135	0.0024437543470412493	0.0005545570165850222	-0.0025357918348163366	-0.0027800919488072395	0.000602313200943172	0.0013231508200988173	-0.0005403475370258093	0.002777737332507968	0.0012303342809900641	-0.0002807422133628279	-0.0002819137298502028	-0.0015767277218401432	-0.0029977464582771063	0.0012370145414024591	-0.0013963904930278659	0.0030926018953323364	0.002565166912972927	0.0025350621435791254	0.0016801079036667943	0.0026950987521559	0.0031854582484811544	-0.0016338633140549064	-0.0017564428271725774	-0.002441562246531248	0.0005317450268194079	0.0007257049437612295	-0.0010363304754719138	0.00014392295270226896	0.0002794013707898557	-0.0005465763970278203	0.0027188099920749664	0.0006776553927920759	0.0027708117850124836	0.0017299478640779853	-0.0018954068655148149	0.0025438256561756134	-0.002366421278566122	-0.0015361879486590624	0.001305850106291473	-0.003138818545266986	-0.0006434927345253527	0.00025248024030588567	0.001764531247317791	0.0029254762921482325	-0.000509496487211436	-0.0020337386522442102	-0.0016818450530990958	-0.0007047445396892726	0.002287182491272688	-0.0001772654359228909	0.0024433478247374296	0.0007331023807637393	0.00107002689037472	0.0014668533112853765	-0.0026945665013045073	0.0007646703743375838	0.003150256583467126	0.00011721796909114346	-0.0013093509478494525	0.00043275952339172363	0.002996529918164015	0.0004308971983846277	-0.0016120555810630322	0.00038729183143004775	0.0006332029006443918	6.329429743345827e-05	-0.0025891256518661976	0.0010368101065978408	0.0033444419968873262	-0.00196432345546782	-0.00018623468349687755	-0.0014108206378296018	-0.0010762065649032593	-0.001375835738144815
0.0007363501936197281	0.0013689416227862239	0.00043358677066862583	-0.002528839511796832	-0.002474650274962187	0.0019909064285457134	-0.002320535946637392	-0.003114512423053384	0.0013422734336927533	-0.0023378334008157253	-0.0012716803466901183	-0.002518805442377925	-0.0029842029325664043	-0.0011028992012143135	-0.0015216257888823748	0.0003564297512639314	-4.7832316340645775e-05	0.0010811504907906055	0.001835065777413547	0.003257669508457184	-0.0019306496251374483	-0.001816613250412047	3.732349068741314e-05	-0.0006222135853022337	-0.00129246199503541	0.003316552145406604	0.0008072839118540287	0.00025350553914904594	0.0021278047934174538	-0.0024874676018953323	-0.0033173717092722654	-0.0016015326837077737	-0.0021349068265408278	-0.0004899023333564401	0.0015847417525947094	-0.00108574447222054	0.00151615752838552	-0.0028754437807947397	0.0032906755805015564	-0.002083499450236559	0.003234521020203829	0.0006326368893496692	0.0005815745680592954	0.001729068229906261	0.003197405720129609	-0.0026034770999103785	-0.0001551793684484437	0.0020400062203407288	0.001968603814020753	-0.0007876802701503038	-0.0005253454437479377	0.0018999496242031455	-0.0014390712603926659	0.0010334880789741874	-0.0028123108204454184	0.002184848999604583	0.002694569295272231	-0.0018386159790679812	0.002608109964057803	0.0014136009849607944	-0.0007867340464144945	0.0008240962051786482	-0.002339932369068265	-0.002303361427038908	0.002611688571050763	0.0012291549937799573	0.0009399779955856502	0.0003919787995982915	0.0015181504422798753	0.0026115274522453547	-0.0023246894124895334	0.0015963359037414193	0.002101027872413397	0.0024276627227663994	-0.0010608257725834846	0.003079721238464117	-0.0018853787332773209	0.0010501531651243567	0.0021154198329895735	0.0011058113304898143	0.0017902980325743556	0.0028951321728527546	0.0027987388893961906	0.00032601936254650354	4.670833277486963e-06	-0.0013908485416322947	-0.0023216407280415297	-0.003294960130006075	0.0017991365166381001	0.00140003499109298	0.0017685315106064081	-0.002865610411390662	0.0004910379648208618	0.0019265991868451238	0.0032244462054222822	0.0005118113476783037	0.0013696136884391308	0.0008897320949472487	-0.0032242215238511562	0.0031188433058559895	-0.0006253058672882617	-0.002035084879025817	0.0020896352361887693	3.96163795812754e-06	0.0008519694674760103	0.0013454474974423647	-0.0022021522745490074	-0.0006670047878287733	0.0019404191989451647	-0.0016326652839779854	0.002870280295610428	-0.00324768153950572	0.0007862829952500761	9.49138484429568e-05	0.0011140245478600264	-0.002464431105181575	0.002720516175031662	-0.0016552169108763337	1.8960714442073368e-05	0.002922388957813382	-0.00320213520899415	0.0031047496013343334	-0.0003418293490540236	-0.0005762904766015708	0.0013865544460713863	0.0006925002089701593	0.003275758121162653	-0.0016941633075475693	0.0004256555112078786	0.001430436735972762	-0.002137369243428111	0.002241082489490509	-0.0025763590820133686	0.0015016774414107203	0.002151340711861849	0.003144788322970271	-0.0025036672595888376	0.0026155696250498295	-0.0023644142784178257	-0.0005956224049441516	-0.001487185712903738	-0.002328461268916726	-0.0005241866456344724	-0.00184514163993299	-0.0020042809192091227	-0.001685763942077756	-0.0003815197851508856	0.0019379876321181655	-0.0007632996421307325	0.0017437138594686985
-0.0019997968338429928	-0.0030654934234917164	-0.0001694068923825398	0.0010904086520895362	-0.0017780154012143612	-0.002697597723454237	0.0025600579101592302	-0.0005744713707827032	-0.002151180524379015	0.0032961454708129168	-0.0011357265757396817	-0.0028627566061913967	-0.00316148204728961	-0.0015444240998476744	-0.0005729444092139602	0.0024839770048856735	-0.0020603935699909925	0.0014279751339927316	0.002385687315836549	0.001558375544846058	-0.002319008344784379	-0.0016433978453278542	-0.0005011708126403391	-0.003156097372993827	0.001471834839321673	-0.0007486537797376513	0.00037824499304406345	-0.002948453649878502	0.0013973439345136285	-0.00323192635551095	-0.0028791618533432484	0.0006098136072978377	0.0026601837016642094	0.0005251889233477414	-0.001889425446279347	-0.0006220824434421957	-0.00027499685529619455	-0.001750863972119987	-0.0007848644163459539	0.001017095404677093	-0.0003692450700327754	-0.0017983977450057864	-0.0004949336289428174	0.0030354163609445095	0.0016822022153064609	0.0007794738630764186	-0.000464772863779217	-0.0032692442182451487	-0.0027410914190113544	0.0014502628473564982	-0.0029355096630752087	0.0003371210186742246	-0.0005330453277565539	-0.0024881702847778797	-0.0026015196926891804	-0.0008256092551164329	-7.176019607868511e-06	0.0020347791723906994	0.002449991414323449	0.002696008188650012	0.00034738279646262527	0.0009308281005360186	0.000374848663341254	0.00027172249974682927	0.00026102858828380704	-0.000917174678761512	0.0017961064586415887	0.002694777213037014	-0.0027505673933774233	-0.0008318080799654126	0.0023590242490172386	-0.0023754325229674578	0.0010277583496645093	-0.001697536907158792	-0.0006151130073703825	-0.0009855477837845683	-0.00320653198286891	-0.0032560473773628473	0.0007410329999402165	0.0025574401952326298	0.0011943151475861669	-0.002614101627841592	-0.0021154824644327164	0.0021931419614702463	-0.002079118276014924	-0.0015082722529768944	6.634512828895822e-05	0.002354229101911187	0.0017419969663023949	0.0011526611633598804	0.0030212928541004658	-0.0031075377482920885	-0.0010090896394103765	0.00018433968944009393	0.002318435115739703	-0.0020208735950291157	0.0011970000341534615	-0.002718901727348566	0.0006720506935380399	0.0031337225809693336	0.0030091023072600365	-0.0014857437927275896	0.0026345569640398026	0.0020211704540997744	0.002964447718113661	-0.003284790553152561	-0.0018438930856063962	-0.003186805872246623	-0.0021970681846141815	-0.0030851520132273436	-0.0016703888541087508	-0.002550526987761259	-0.0012213388690724969	-0.0027022778522223234	-0.0024328690487891436	-0.0024835593067109585	0.002665298292413354	-0.0021197020541876554	-0.001731775002554059	0.0025241905823349953	0.0025123488157987595	0.001911938888952136	-0.001629304955713451	-0.0029839640483260155	0.0009498075814917684	-0.003004374448210001	0.00011870160233229399	0.002668105298653245	-0.0022216106299310923	0.0006321494001895189	0.0017541192937642336	0.0010633021593093872	0.0027711347211152315	0.00048514310037717223	-0.0003692992031574249	-0.0007638147799298167	0.0028433597180992365	0.0032816787716001272	-0.002421306213364005	0.0029044884722679853	0.0029482245445251465	0.001593689783476293	0.00287039577960968	-0.002048030262812972	-0.00033310288563370705	-0.0018523628823459148	0.0022326605394482613	0.00025462365010753274	0.0017294184071943164	0.003016512608155608
0.0023512770421802998	0.0022071890998631716	0.0005282966303639114	-0.0022606239654123783	-0.001989104552194476	0.0007360110175795853	-0.0018985944334417582	-0.002599739469587803	0.0018945903284475207	-7.222130079753697e-05	-0.0029961715918034315	-0.0022450496908277273	-0.0032104598358273506	0.0007069321000017226	0.0026811950374394655	-0.0019005128415301442	0.0022107914555817842	-0.00013682388816960156	0.0022828460205346346	0.0013727342011407018	-0.002532324753701687	-0.00204574316740036	0.0010108690476045012	-0.0029477502685040236	-0.002030490431934595	0.0033327527344226837	0.0030914535745978355	0.000520723988302052	-7.752708916086704e-05	0.002204582095146179	0.00044397980673238635	0.0031122013460844755	-0.0021288960706442595	-0.0030182739719748497	0.001885153236798942	0.0003147398529108614	-0.0006894556572660804	-0.0021692055743187666	0.0008478870731778443	-0.00012342484842520207	0.0033201887272298336	-0.0010442975908517838	-0.00030214243452064693	-0.002259297762066126	-0.00013656605733558536	-0.00041565048741176724	0.003218343947082758	-0.0018858615076169372	-9.624497033655643e-05	0.0032146566081792116	0.0022993325255811214	0.0009456278057768941	0.0009385973098687828	-0.001218616496771574	-0.0009650098509155214	0.0027437738608568907	0.0015031667426228523	0.0017990430351346731	0.0008968538604676723	-9.053709072759375e-05	-0.0015545616624876857	-0.0008239117451012135	0.002938318531960249	-0.003355475375428796	0.00042804895201697946	0.0027670033741742373	-0.0010069339768961072	0.002689835149794817	0.0014697089791297913	-0.0026478099171072245	-0.002264557173475623	0.0018578022718429565	-0.003018635790795088	-0.0024367342703044415	-0.0027713237795978785	0.001460154540836811	-0.001145291025750339	-0.0029620747081935406	-0.0002096113603329286	0.00010270908387610689	0.00018730941519606858	0.001973062986508012	0.002655770629644394	-0.0021240932401269674	-0.0013008469250053167	-0.002177066635340452	0.0014545496087521315	0.001593120046891272	-0.0011591269867494702	0.0022954328451305628	0.0013455796288326383	0.0006218942580744624	-0.0017002788372337818	-0.0010136670898646116	-0.00040263161645270884	-0.0022200443781912327	0.002119113225489855	0.0013249288313090801	0.0024031985085457563	0.0010419231839478016	-0.0031735303346067667	-0.0002752762520685792	0.0025055406149476767	0.0025103988591581583	-0.0007915575406514108	-0.0024121322203427553	0.00031578121706843376	-0.002854439662769437	0.002261754125356674	0.001184731489047408	-0.0029518106020987034	-0.0007510877912864089	-0.0015040254220366478	0.002885023131966591	-0.0025741863064467907	0.0008271921542473137	1.3279732229420915e-05	6.411837239284068e-05	-0.0020020585507154465	-0.0007533435127697885	0.0010019502369686961	0.0011079373070970178	0.0014598474372178316	0.00021137422299943864	0.002073660958558321	0.001866436330601573	-0.00039590217056684196	-0.0005261158803477883	-0.0003746128058992326	0.0024151583202183247	-0.0014460429083555937	-0.0010991675080731511	0.000810426427051425	0.0032222154550254345	0.00018002302385866642	0.0013613479677587748	-0.00027233303990215063	0.003317088121548295	-0.00033412393531762064	-0.0012310955207794905	-0.0024959712754935026	-0.0005806877161376178	-0.003157611470669508	0.0031711552292108536	0.0014075832441449165	0.0006100893369875848	0.0013968769926577806	-0.00328740943223238	0.00010975840996252373	0.000926113803870976
-0.002295705256983638	-0.0017568155890330672	-0.0009032465750351548	0.0007459745975211263	0.0025416379794478416	-0.0010330533841624856	-0.000901773280929774	0.002661116188392043	-0.0010839808965101838	0.0002290246484335512	0.0003041883173864335	0.0003038588329218328	-0.002723460318520665	0.0030287199188023806	0.0002542756265029311	-0.0008005074923858047	-0.002654497977346182	0.0017150120111182332	0.001523463288322091	-0.0019308225018903613	0.0026027027051895857	0.001217456185258925	0.0007704034796915948	8.435422932961956e-05	-0.002299022860825062	0.0003054479311686009	0.0010743096936494112	0.002562090288847685	0.0014447274152189493	0.0020094874780625105	-0.0009167511016130447	-0.0015696920454502106	0.00234477361664176	0.0011362871155142784	0.0019384666811674833	0.000711187138222158	-0.001641316106542945	0.0028502377681434155	-0.0015358120435848832	-0.002064493950456381	0.0023420664947479963	-0.00035061431117355824	-0.0012265484547242522	-0.000603850930929184	0.00018571820692159235	-0.001306477002799511	-0.0031877339351922274	0.00031508339452557266	-0.0007182244444265962	-0.0010556698543950915	0.0008015049970708787	-0.0005138660781085491	0.0010688164038583636	0.0029714195989072323	0.00017282193584833294	0.0006613580044358969	0.0028638485819101334	-0.0021593112032860518	0.003022014396265149	-0.0015810229815542698	0.001130373333580792	-0.0017666174098849297	-0.002476778579875827	0.0021671310532838106	-0.003290229942649603	-0.0015107360668480396	0.0004628169408533722	-0.0014126284513622522	-0.0028244454879313707	0.0005700817564502358	-0.0032957266084849834	0.0010632456978783011	0.00017848372226580977	0.0013186454307287931	-0.0002873188641387969	-0.002302187494933605	0.000120931574201677	0.0014966250164434314	0.0003772742347791791	0.0008694211137481034	0.0018418129766359925	0.0025950989220291376	-0.0005546367610804737	0.0014240273740142584	-0.0014929199824109674	-0.001220894861035049	-0.0008894498459994793	0.0011146648321300745	-0.0026964512653648853	-0.0020811499562114477	-0.003097036387771368	-0.002522091381251812	-0.0032824487425386906	0.00036387916770763695	-0.0023787643294781446	-0.0005697963060811162	0.0014075265498831868	-0.002426164224743843	-0.0023800029885023832	0.001659257453866303	-0.0019344016909599304	0.0015075372066348791	0.0003581209748517722	-0.002278040163218975	0.0024040837306529284	0.000726595229934901	-0.0013949607964605093	0.0009637569892220199	0.002491741208359599	0.0007484706002287567	-0.003073109546676278	0.0015819682739675045	-0.0001612892228877172	0.0006726208957843482	-0.0005706693627871573	0.00036198986344970763	0.002287165727466345	-0.0014749797992408276	-0.0026228558272123337	-0.0005238758167251945	-0.0005853652255609632	-0.0017180107533931732	-2.783407035167329e-05	-0.0009518727893009782	0.002352566458284855	0.0023349598050117493	-0.0011065759463235736	-0.0032356560695916414	-0.0008404704858548939	-0.002303748158738017	0.002265333663672209	-0.0029256660491228104	-0.001975119113922119	0.0009726157295517623	0.00024440872948616743	-0.0011462164111435413	-0.002535866340622306	-0.0010328037897124887	-0.0008448129519820213	0.00011963433644268662	0.0022532211150974035	0.0028970178682357073	-0.0018072724342346191	-0.0006789240869693458	-0.0006721860845573246	-0.002695809816941619	-0.0011285824002698064	-0.00238879956305027	-0.0011080187978222966	0.0022038863971829414
0.002886903239414096	-2.7096059056930244e-05	-0.0012912893434986472	-0.002183091826736927	0.0029289585072547197	0.00027062598383054137	-0.0010509546846151352	-0.0019862153567373753	-0.0004470320127438754	-0.001277041737921536	-0.0010355947306379676	-0.0025217076763510704	-0.0013127402635291219	-3.3908295336004812e-06	-0.0006844799499958754	-0.0004766688507515937	-0.002178966999053955	0.0012778998352587223	-0.0027637979947030544	-0.000628866080660373	0.0022658302914351225	-0.0024058185517787933	-0.0011025841813534498	3.488270522211678e-05	-0.000880698615219444	0.0015179297188296914	-0.000132742861751467	-0.0013770480873063207	0.0021177087910473347	-0.00012597836030181497	-0.0031532009597867727	0.0015717739006504416	0.002885528840124607	-0.0002271467528771609	0.0005194504628889263	-0.0011966892052441835	0.0005684383795596659	0.0002693713759072125	0.0008850753074511886	0.0011706312652677298	-0.0012961665634065866	-7.567380089312792e-05	0.00022212424664758146	0.001565693411976099	-0.003257537493482232	1.697760308161378e-05	0.0009853520896285772	-0.002436684910207987	-0.0016270257765427232	0.0001855941955000162	0.0017942286795005202	0.002836486091837287	0.002664232160896063	0.002740501193329692	0.0032436551991850138	0.0007481512147933245	-0.0018760757520794868	-0.00027853072970174253	0.0018887619953602552	7.615146751049906e-05	-0.0012405358720570803	0.0013875329168513417	0.0012326424475759268	-0.0025223572738468647	0.001894974266178906	-0.0003526414220687002	0.0029670419171452522	-0.0025398193392902613	-0.0031197834759950638	-0.001376697444356978	0.0024361498653888702	-0.0008479078533127904	0.0005225338391028345	-0.0024938248097896576	0.0031527532264590263	-0.0006429986096918583	0.0015044589526951313	0.00161328399553895	0.003162216627970338	0.001367119955830276	0.002834395505487919	-0.0019058019388467073	1.1478560736577492e-05	0.002174709690734744	-0.0018284249817952514	0.0010977481724694371	-0.0012148857349529862	0.00015532429097220302	0.0005427264841273427	-0.002964653307572007	0.0003360409173183143	0.0025935533922165632	-0.0011565532768145204	0.0009852239163592458	-9.412617509951815e-05	-0.0013148152502253652	0.001483489410020411	0.0006385812885127962	0.003331749467179179	-0.0025245724245905876	0.002835077466443181	0.000977488816715777	0.0022504201624542475	0.0033175658900290728	-0.0017132825450971723	0.0033151733223348856	0.0007122923852875829	0.0005170333897694945	0.0031072418205440044	-0.0006394328665919602	0.0017193444073200226	0.0020113957580178976	-0.0011996377725154161	0.0019162733806297183	0.0003035999252460897	0.0017196439439430833	0.0008272220147773623	-0.0014536484377458692	0.0033445940352976322	0.0011577439727261662	0.003300219075754285	-0.0005202919128350914	0.0005685402429662645	-0.0006845226162113249	-0.0026867976412177086	5.0401842599967495e-05	-0.0031255593057721853	-0.0024711957667022943	-0.00023110437905415893	-0.002259917790070176	0.002092596609145403	-0.000753063359297812	0.0028746346943080425	0.0028159439098089933	0.002868159906938672	-0.0006667088600806892	0.0025735637173056602	-0.002852979814633727	0.002185933291912079	0.0018954715924337506	-0.001543017802760005	0.0010498261544853449	-0.0007334569236263633	0.0016618517693132162	-0.0015704943798482418	-0.002724874299019575	0.003114200895652175	-0.00010479822230990976	3.187235051882453e-05	0.002693731803447008
-0.0007777117425575852	-0.00013666863378603011	-0.0002859820378944278	-0.0026405800599604845	-0.00019686193263623863	-0.0033185745123773813	-0.0029500836972147226	0.0020709268283098936	-0.0008442762191407382	-0.0007070146966725588	-0.0011754385195672512	0.0028252173215150833	0.0005531049682758749	-0.002493901876732707	0.0024828533641994	0.002816754160448909	0.0002280833723489195	-0.0006612046854570508	-3.0245109883253463e-05	-0.0006320932880043983	0.0031547523103654385	-0.0017875960329547524	0.0025026241783052683	-3.83373435397516e-06	-0.0030036456882953644	0.0016836472786962986	0.0014012462925165892	-0.0012359791435301304	-0.0007320226868614554	0.0010888013057410717	0.003298006486147642	-0.0029180890414863825	0.0006166641251184046	-0.0004679849953390658	-0.000429281237302348	-0.0014359370106831193	0.0022173498291522264	-0.003244316205382347	0.001722540007904172	-0.0015020379796624184	-0.0025541919749230146	0.00284484401345253	-0.0021149145904928446	0.003201557556167245	-0.0016080276109278202	-0.0016696298262104392	-0.0026955856010317802	0.0021942497696727514	-0.0024776095524430275	0.0019109760178253055	-0.0027567355427891016	0.0025942937936633825	0.002036234363913536	0.0030431323684751987	0.0019113316666334867	0.00013356890121940523	-0.0025040965992957354	-0.0032741089817136526	-0.000396129151340574	-0.0011198936263099313	-0.0006508152582682669	-0.00044260616414248943	-0.0008036091458052397	0.0009948838269338012	0.0013575389748439193	-0.0013369402149692178	-0.0005558073753491044	-0.003233694937080145	0.001958690118044615	9.079954907065257e-05	0.0010745059698820114	-0.0003228118584956974	0.003006245940923691	0.002614810364320874	-0.0016172403702512383	-0.0023117188829928637	-0.0013495736056938767	0.001211977330967784	0.0022134436294436455	0.002926363842561841	-0.001583607285283506	-0.0003211027360521257	-0.002747369697317481	0.00046560162445530295	0.0030853934586048126	0.0009968687081709504	-0.0007042053621262312	-0.003149220021441579	0.0010273782536387444	-0.001018390990793705	-0.00248723360709846	0.001945773372426629	-0.0007810576353222132	0.001689067343249917	-0.00302414083853364	0.003184334607794881	-0.002685893326997757	-0.002363973530009389	-0.0018271513981744647	0.0007856670999899507	-0.00045032729394733906	-0.0010027398820966482	2.524191040720325e-05	-0.001330639934167266	-0.0011268964735791087	-0.0024875185918062925	0.00012265692930668592	-0.0016892425483092666	-0.0009761261753737926	-0.0018789281602948904	-0.0015414552763104439	0.0012666210532188416	-0.0008734634029679	-0.0006717404467053711	0.0016620088135823607	-0.0003167270915582776	-0.003306315978989005	4.2718333133962005e-05	0.002978421514853835	-0.0024865567684173584	-0.0013082773657515645	-0.0028902909252792597	0.002123614540323615	-0.002384454943239689	0.0032839856576174498	0.0030123989563435316	0.0009493487305007875	-0.00021366104192566127	0.00028563369414769113	-0.0032236564438790083	-7.044204539852217e-05	4.542157330433838e-05	-0.0020360564813017845	0.001074175350368023	0.0004859204636886716	0.002758529968559742	-0.0008615365950390697	-0.0008164321188814938	-0.002802550559863448	0.0029713260009884834	-0.002641435479745269	0.001303141238167882	0.0006302873371168971	0.0023065954446792603	-0.0023673162795603275	0.0031055747531354427	-0.0013014564756304026	0.001668659970164299	-0.0021987310610711575	-9.438765846425667e-05
0.00239146058447659	0.0010701654246076941	0.0022494604345411062	0.0015795030631124973	-0.0010750530054792762	-0.0031121710781008005	-0.0005868251319043338	-0.00038546117139048874	0.0006922812899574637	-0.0010211373446509242	-0.0021843037102371454	0.0011676953872665763	0.00017106790619436651	-0.0032917913049459457	0.0010490604909136891	-0.0009190993732772768	0.00301982625387609	0.0011840140214189887	-0.0003749210445675999	-0.0010850277030840516	0.0001396447914885357	0.00014078521053306758	-0.0024479194544255733	0.0022681672126054764	0.00014223931066226214	0.00016047853569034487	0.0005627515492960811	0.003087477060034871	0.0005845407722517848	-0.0031445426866412163	-0.00028257371741347015	0.0008041388937272131	0.002606499008834362	0.0005315736052580178	0.003205589484423399	-0.0004438120813574642	-0.001598791335709393	-0.002464721677824855	-0.0027516712434589863	0.0022236837539821863	0.0013501389184966683	0.00016458950995001942	3.932231629732996e-05	-0.0027892659418284893	6.133690476417542e-05	0.00010011609992943704	-0.0006243797834031284	0.0022849179804325104	-0.00040180556243285537	-0.0030619713943451643	-0.002820960246026516	0.0031082439236342907	-0.002486102283000946	-0.0006961851031519473	0.0032792415004223585	0.0018701318185776472	8.752044232096523e-05	0.001916310517117381	-0.0018456587567925453	-0.0026961835101246834	7.549297879450023e-05	-0.002994091948494315	0.001986335264518857	0.0007960119401104748	0.002396485535427928	-0.002293945988640189	-0.002498731017112732	0.0024533041287213564	0.0007265237509272993	0.0017102579586207867	0.0010059867054224014	-0.0028890403918921947	-0.0021118749864399433	0.001795561402104795	0.0016992205055430532	0.002406740328297019	-0.0019176630303263664	0.0007952199666760862	-0.0025960293132811785	0.0030299120116978884	0.002553029917180538	-0.002043121960014105	-0.002687554806470871	0.0005804800894111395	-0.001742156920954585	-0.0017051741015166044	-0.0009598911856301129	0.0008461145916953683	-0.003252810100093484	-0.001439848798327148	-0.0030259774066507816	-0.0002612114476505667	-0.002052444964647293	0.0023672108072787523	3.4375610994175076e-05	-0.0009491884266026318	0.0006869458593428135	-0.002327009104192257	0.00104806839954108	0.0002330273564439267	0.0018461686559021473	0.002510687103495002	-0.0027053693775087595	-0.003190463175997138	0.0031136805191636086	-0.001874927431344986	-0.0009108880767598748	-0.0006899706786498427	-0.002128574065864086	-0.0020464840345084667	0.002882544416934252	0.0032673540990799665	0.0007538886275142431	-0.0017396834446117282	-0.001520030782558024	-0.0028117764741182327	0.002130966167896986	-0.00030249287374317646	0.0015818353276699781	-0.0005243787309154868	0.00310726766474545	-0.0023788963444530964	-0.0019869920797646046	0.001994757680222392	-0.0003875209076795727	0.001210808870382607	3.722507244674489e-05	-0.002003391506150365	0.0032667594496160746	0.002575538121163845	0.0011136924149468541	-0.0030581005848944187	-0.002413948765024543	-0.0029031243175268173	-0.0013604824198409915	0.002174786292016506	-0.001266857492737472	0.0019421681063249707	-0.0014375539030879736	-0.0008386376430280507	0.0028693072963505983	-0.002067569410428405	0.002424517646431923	-0.0033202283084392548	-0.0007746820920147002	-0.002911745337769389	0.0019053068244829774	0.002083846367895603	-0.002704042010009289	0.0028784775640815496
-0.0033045553136616945	-0.0023849790450185537	0.0005075675435364246	0.001820298726670444	-0.0024658537004143	0.0029879866633564234	0.0007368160295300186	-0.0031486619263887405	-0.0004714051028713584	0.002970233093947172	-0.00028047244995832443	-0.0029934574849903584	-0.001204787171445787	-0.0018068026984110475	0.002755934139713645	0.0009854487143456936	-0.0019486740930005908	0.0006132505368441343	0.0018678648630157113	-0.00026326498482376337	0.002701484365388751	-1.4271763575379737e-06	0.0023010505829006433	-0.0004770107043441385	-0.0004461734206415713	-0.003039067145437002	0.002707624575123191	-0.0007193448836915195	0.002594749443233013	7.435796578647569e-05	-0.0015981589676812291	0.001385845011100173	-0.0031792093068361282	0.0028984120581299067	-0.0023138222750276327	0.0029188543558120728	-0.002543166046962142	0.00120656774379313	-0.0031279134564101696	0.002413436071947217	-0.0020035814959555864	0.0007670216728001833	-0.0017432577442377806	-0.000917813100386411	0.0009544589556753635	-0.0022499512415379286	0.0026923385448753834	0.0029052309691905975	-0.001734004938043654	0.0006245314725674689	-0.003288953099399805	-0.0002788755518849939	-0.0002581861917860806	-0.000634245399851352	-0.00310956547036767	-0.0005524045554921031	0.0003888173960149288	0.0015546133508905768	0.0026604044251143932	-0.002349581802263856	-0.0013408279046416283	0.0032528259325772524	-0.002666411455720663	-0.002913507865741849	-0.001461684936657548	-0.002096507465466857	0.0031626217532902956	-0.002107870765030384	-0.0030428539030253887	0.0008750624256208539	-0.0016981199150905013	0.0032006774563342333	0.003169572912156582	0.001413703546859324	0.002768859965726733	0.001166686648502946	0.0029594411607831717	-0.0028242270927876234	0.002673825016245246	-0.0029646705370396376	0.003093045437708497	-0.0009471407975070179	0.0024193408899009228	-0.0024213409051299095	-0.0031251816544681787	-0.0018205416854470968	-0.0026629180647432804	-0.0012943005422130227	0.002450179075822234	0.0032182494178414345	0.0016522532096132636	-0.0003407928452361375	-0.0014817668125033379	0.0030205107759684324	-0.002713745692744851	-0.0008854421903379261	-0.002512266393750906	0.001404334674589336	0.00327947735786438	0.0033093872480094433	-0.0029517130460590124	-0.0018054412212222815	-0.00016947084804996848	0.0005328741390258074	-0.0004951824084855616	0.002638262929394841	0.0019713547080755234	-0.0011570891365408897	0.001065974123775959	0.0025725015439093113	-0.0009967158548533916	-0.0016185087151825428	0.002878708764910698	-0.0026940321549773216	-0.0021324686240404844	0.00039042471325956285	0.002022957196459174	-0.0028737366665154696	0.00153565953951329	0.00039550106157548726	-0.002811786253005266	-0.0004513897292781621	-0.0006811332423239946	0.00032851341529749334	0.0013359953882172704	0.0010572784813120961	-0.0006692721508443356	0.000841537315864116	0.0005594280664809048	0.001731983618810773	0.0008819806389510632	0.0027253208681941032	-0.002473779721185565	-0.001640732865780592	0.002939544850960374	0.0006621129577979445	-0.0031162635423243046	-0.0030610549729317427	-0.0028989333659410477	0.0016717204125598073	-0.0014418245991691947	0.00019711549975909293	7.575777999591082e-05	-0.0021417811512947083	-0.0009235959150828421	0.0023339649196714163	-0.0033153281547129154	-0.00039726265822537243	0.001200661063194275	0.003094858955591917
0.0018125128699466586	0.002154874848201871	0.0007047014078125358	-0.0008066346636041999	-0.0028142433147877455	-0.0031802006997168064	-0.001923058065585792	0.0030446972232311964	-0.00035378080792725086	-0.0013970164582133293	0.002735661808401346	-0.0022865068167448044	-0.0008001032401807606	0.0003451592638157308	0.00216570682823658	0.00011277751036686823	0.0031653796322643757	0.0011054499773308635	-0.00028599007055163383	-0.0005419030203483999	0.00234585115686059	0.002663685940206051	-0.0008878855151124299	0.0014439340448006988	0.001330726663582027	0.0018011280335485935	0.002308277413249016	0.002925099804997444	-0.0018383298302069306	-0.00021127272339072078	0.0030691407155245543	0.0019439936149865389	-0.0009571132250130177	0.00020275061251595616	-0.0029805589001625776	-0.003031516447663307	-0.0006980712641961873	-0.002073821611702442	0.00041993591003119946	-0.0029362160712480545	-0.0022929259575903416	0.0012160912156105042	-0.0011924451682716608	0.00013925574603490531	0.0032127252779901028	0.0023925905115902424	0.0011161320144310594	0.003247908316552639	-0.0010938991326838732	-0.0022604186087846756	-0.0007128919824026525	-0.002093962160870433	0.0014728306559845805	0.003120307344943285	-0.0006154834991320968	0.002011018805205822	-0.0013737804256379604	-0.0006837237742729485	-0.0025753735098987818	-0.0006256389897316694	-0.0014133258955553174	-0.0008130300557240844	-0.001464592176489532	-0.00047408463433384895	-0.0025951971765607595	-0.000963930448051542	-0.0003563971840776503	0.001407438307069242	-0.002368498593568802	-0.002173169981688261	0.002383024664595723	-0.0008973997319117188	0.001585932681336999	1.846775194280781e-05	-0.0007574507617391646	3.012434535776265e-05	0.0015882175648584962	-0.003200021805241704	-0.0005855984636582434	-0.0025027990341186523	-0.0016647326992824674	-0.0016251987544819713	-0.0005509922048076987	0.0002127062325598672	0.0025574248284101486	-0.002705588936805725	-0.003276063362136483	0.0012116740690544248	-0.0010152512695640326	-0.0023263823240995407	-0.001540887518785894	-0.002871837466955185	-0.00041149312164634466	0.0008494770736433566	0.0015277490019798279	-0.0005529021727852523	0.0006627293769270182	0.0020045600831508636	-0.00208312482573092	0.0027554258704185486	0.00113123026676476	-0.0021928749047219753	0.0020072306506335735	-0.0004679542616941035	-0.0028593509923666716	0.0029746771324425936	-0.00017587962793186307	-0.0020082867704331875	-0.0021954141557216644	-0.0012422518339008093	-0.00036822984111495316	-6.397218612619326e-07	0.0019492331193760037	0.0003795536467805505	0.0032953505869954824	0.0010603234404698014	0.0008164127939380705	3.1029616366140544e-05	-0.00026488921139389277	-0.003012951696291566	0.0007413639687001705	0.00027033124933950603	-0.0007950105355121195	0.0024224109947681427	-0.0030716927722096443	0.0022866909857839346	-0.001100664958357811	-0.0008305556839331985	0.0004437419702298939	4.3101124902023e-05	0.0002779853530228138	-0.0030091945081949234	0.0002117179537890479	-0.0003862716257572174	0.0014535795198753476	-0.0007030745618976653	-0.0029267603531479836	-0.002546162810176611	-0.00011522263957886025	-0.002212418941780925	0.00023535128275398165	-3.3339954825351015e-05	0.0013410780811682343	-0.0032312783878296614	-0.002255108207464218	0.0013129182625561953	-0.0014115627855062485	-0.0029652738012373447	-0.0011597134871408343	0.001283158315345645
-0.0026060768868774176	-0.0027906084433197975	-0.002261016285046935	0.0027788286097347736	-0.0030263718217611313	-0.0008220684248954058	-4.009058466181159e-05	-0.002895294688642025	-0.0024802477564662695	0.0022131754085421562	-0.0014451155439019203	-0.0014950569020584226	0.0009031770750880241	-0.0025258343666791916	0.0005724160000681877	-0.0015869202325120568	-0.002617987571284175	-7.497865590266883e-05	0.001956523396074772	0.0018647235119715333	-5.8667556004365906e-05	-7.36470683477819e-05	0.0009381426498293877	-0.0011501217959448695	0.0008827334968373179	-0.003099078545346856	0.001785467378795147	-0.002196167828515172	0.0028938972391188145	0.00104420050047338	-0.003210886148735881	-0.0008203194011002779	-0.000952157424762845	0.0029893494211137295	0.0003301284450571984	0.0017289076931774616	0.0010130030568689108	0.0018756726058200002	-0.00017871343879960477	0.0019045219523832202	0.003220286453142762	0.0029975520446896553	0.0018708657007664442	-0.0014960503904148936	-0.0019964794628322124	0.0020135126542299986	-0.002648702822625637	0.0010648833122104406	-0.0024552643299102783	-0.0028974460437893867	-0.003277747891843319	-0.0022157737985253334	0.0008181936573237181	-0.0004850723489653319	0.0009215242462232709	0.00047430055565200746	-0.0016228508902713656	-0.000546521448995918	-0.0015452359803020954	0.0028879253659397364	0.0004921720828860998	-0.0009039531578309834	-0.0003700804663822055	0.0031642529647797346	0.0029923911206424236	0.0017740612383931875	-0.0017299300525337458	-0.00012885264004580677	0.0024447108153253794	0.0009508569492027164	-0.0027356273494660854	-0.002698716940358281	-0.0003896887938026339	0.002283737761899829	0.0027333793696016073	0.002644901629537344	-0.0015495134284719825	-0.0031226621940732002	0.0011237440630793571	-0.003133788937702775	0.002249069046229124	0.002399150049313903	0.002840721281245351	-0.001146543538197875	-0.0008527666213922203	0.0005053913337178528	-0.003081450704485178	-0.0010889035183936357	0.0030778860673308372	-0.0010359286097809672	-0.00041487551061436534	-0.002185093704611063	-0.0017347328830510378	4.720251672551967e-05	-0.002893945202231407	-6.227422272786498e-05	0.0026559699326753616	0.00036897259997203946	0.002240230329334736	-0.002423626370728016	-0.0020014173351228237	0.00015281412925105542	0.0020225222688168287	0.00043778421240858734	-0.0006314782076515257	0.002571896882727742	0.0018884064629673958	0.0028704656288027763	-0.00011746249219868332	-0.002629462629556656	-0.0029722172766923904	-1.1062612429668661e-05	0.002013632096350193	0.003089006058871746	6.668490095762536e-05	0.0009003946324810386	-0.0021279556676745415	-0.0032219833228737116	0.0021856180392205715	0.0030779612716287374	-0.0014204740291461349	0.0024442020803689957	-0.00030768633587285876	0.0025403043255209923	-0.000543097616173327	0.0019555510953068733	0.0013645277358591557	-0.0022170383017510176	-0.0022212287876755	0.002363449428230524	0.00022520958737004548	-0.0012983098858967423	-0.0022432829719036818	0.001171749085187912	0.0016562336822971702	-0.0020297060254961252	0.0007305402541533113	0.0011365177342668176	-0.0022082598879933357	-7.576909411000088e-05	-0.001658139517530799	-0.002261269837617874	0.0027062012813985348	0.0032177879475057125	0.0023559120018035173	0.00037316925590857863	0.0024657913018018007	0.0027686040848493576	0.0006768349558115005	0.002375140553340316
-0.0009037312702275813	-0.003016245551407337	-0.00023613708617631346	-0.0009025803301483393	-0.0021477059926837683	-0.0016440718900412321	-0.0010805646888911724	-0.0008684899657964706	-0.0021489770151674747	-0.0027768872678279877	0.0022784110624343157	0.00011961578275077045	0.0023772651329636574	0.00028101602219976485	0.00194335519336164	-0.002458482515066862	-0.0016929914709180593	-0.0015677022747695446	0.00025548372650519013	-0.0020785571541637182	-0.0004873328434769064	0.0009826724417507648	0.0019512154394760728	-0.00037109010736458004	-0.0024565064813941717	0.0030588305089622736	0.0032317745499312878	-0.0010444666258990765	0.0025769060011953115	7.330103835556656e-05	-0.0024882096331566572	0.002396270865574479	0.0017326570814475417	0.0012794280191883445	-0.0023269164375960827	-0.003227321431040764	-0.0027871851343661547	-0.00014001278032083064	0.0029367441311478615	-0.0005018627271056175	-0.0011831722222268581	-0.0018990570679306984	0.0023022578097879887	0.002708643674850464	0.0024460372515022755	-0.0004048417613375932	0.002570326905697584	0.0009586314554326236	0.0005424318951554596	0.0006283986731432378	0.002513224259018898	-0.0029716696590185165	0.0028874194249510765	0.003254357259720564	-0.001589799183420837	0.0012388663599267602	0.00048011812032200396	0.0017686442006379366	0.0025115408934652805	-0.002099798759445548	0.002697897143661976	-0.0022035117726773024	0.002090068068355322	-0.0021994998678565025	-0.0021299649961292744	-0.001463823253288865	-0.002606139285489917	-0.002469723578542471	-0.0027638296596705914	-0.0014503548154607415	-0.0009557728189975023	-0.0030597965233027935	-0.0030234490986913443	0.0023270256351679564	0.0004307954804971814	-0.001925698365084827	-0.003322435775771737	-0.0023676767013967037	-0.0012878607958555222	-0.000935740303248167	0.001292327418923378	-0.0028443527407944202	-0.0007924619130790234	0.0006615972961299121	4.58416707260767e-06	-0.0009642158984206617	-0.0009803544962778687	0.001310542575083673	-0.0021466934122145176	-0.000752089312300086	1.28581746139389e-07	0.0008190725347958505	0.002747648162767291	-0.00018817177624441683	0.002658065175637603	0.0022838530130684376	-0.0012219389900565147	6.204516103025526e-05	-0.0032911128364503384	-0.0024693503510206938	0.002494099549949169	0.003158675506711006	-0.00020531109475996345	-0.0007154366467148066	-0.003090693149715662	-0.0011695337016135454	0.0012551976833492517	0.0012012983206659555	0.00010696248500607908	-0.0019931141287088394	0.0019337836420163512	-0.0019178275251761079	-0.0023321001790463924	-0.002125960309058428	-0.0024559355806559324	0.0007495020399801433	-0.0012693413300439715	0.0007133518811315298	-0.00025347599876113236	-0.0030597292352467775	0.0031180179212242365	-0.0025873170234262943	-0.0004978051292710006	0.0031611209269613028	0.00253532943315804	-0.002878413302823901	-0.0009462307789362967	0.0018665092065930367	0.0027545648626983166	-0.002620228799059987	-0.0011749797267839313	0.0015403834404423833	-0.00015737568901386112	-0.0012463087914511561	0.0008325965027324855	-0.0010646843584254384	-0.0027486872859299183	0.00232226075604558	-0.003085449105128646	-0.0011830602306872606	0.0005229627131484449	-0.0024160584434866905	-0.0015216839965432882	0.0007485741516575217	-0.0014367613475769758	0.0017570164054632187	-0.0007263286970555782	-0.0010696066310629249	-0.0015011203940957785	0.0009611003915779293
0.0026519889943301678	-0.0031786239705979824	0.0017417677445337176	0.0003660480724647641	0.00028978154296055436	0.0003929611702915281	0.002693733898922801	-0.0026654789689928293	-0.0003269428270868957	0.0016173747135326266	0.0018577371956780553	0.0025405948981642723	0.0012074357364326715	0.002931676572188735	-0.0021744235418736935	-0.0032620567362755537	-0.0011575841344892979	0.0016106191324070096	-0.00167329132091254	-6.306498835328966e-05	0.002274963306263089	0.0032684847246855497	0.00021059511345811188	-0.0002938307006843388	-0.0012826449237763882	-0.000772298953961581	-0.0018983359914273024	-0.0015810317127034068	0.002300987718626857	0.0015453867381438613	-0.0009953876724466681	-0.0014147225301712751	0.0024897807743400335	-0.0021052605006843805	-0.0024912140797823668	0.0017884518019855022	-0.0017450626473873854	0.0030817179940640926	-0.0018731137970462441	-0.0007298592245206237	-0.0009450114448554814	-0.0013848027447238564	0.00015107124636415392	-0.0012518916046246886	-0.0009780236287042499	-0.00019059862825088203	-0.0012156431330367923	-0.0012665435206145048	0.0017179746646434069	0.001703533809632063	0.0023049854207783937	0.0024849388282746077	-3.101375841652043e-05	-0.0005015481729060411	0.0021493290551006794	-0.0029339815955609083	-0.002839981345459819	0.00047595155774615705	0.00010668669710867107	-0.00021713438036385924	0.003229765919968486	0.0014840515796095133	0.0025744414888322353	0.0018439505947753787	-0.0014276946894824505	-0.0006397562101483345	-0.0029159504920244217	-0.0029801521450281143	-0.0030508574564009905	-6.002264854032546e-05	0.0026731682009994984	-0.0002958803379442543	5.070354382041842e-05	-0.0005244360072538257	0.003113648621365428	-0.0016507119871675968	-0.003012444358319044	0.0012181047350168228	-0.0010121797677129507	-0.0015125555219128728	0.0006492780521512032	0.0005753466975875199	-0.00046617857879027724	-0.002084724372252822	-0.0003666604170575738	0.0026591613423079252	0.00235640536993742	-9.850259812083095e-05	-0.0028856464195996523	-0.0006743108970113099	-0.0029395052697509527	-0.0019544106908142567	-0.0006563226925209165	-0.0015907743945717812	-0.0012102073524147272	0.0012855228269472718	0.00070998101728037	0.002181503688916564	0.0017824462847784162	0.002849761862307787	0.001097498694434762	0.0008813844760879874	0.002223549410700798	-0.003065932309255004	0.0014822115190327168	-0.001604523858986795	-0.00020013825269415975	0.00044558505760505795	-0.0010207094019278884	-0.000635191856417805	-0.0022755470126867294	-0.002608304610475898	0.002641794504597783	-0.00021036197722423822	0.0013288448099046946	0.002365859691053629	0.0025701329577714205	-0.0016472592251375318	-0.003079424612224102	0.002708599204197526	-0.0031139918137341738	0.001065996359102428	-0.0016066074604168534	0.0007167849689722061	-0.0027485210448503494	-0.0012287483550608158	0.000762592360842973	-0.0007895393064245582	-0.0015298704383894801	0.0017112421337515116	-8.03880684543401e-05	-0.000629336282145232	0.0006893748068250716	0.0026753470301628113	0.0003488079528324306	0.002965712919831276	-0.002785121090710163	-0.003136522602289915	-0.0018271420849487185	-0.0022311611101031303	0.00035554650821723044	-0.0011588577181100845	-0.0009486920898780227	0.0028239635284990072	0.0016744107706472278	-0.003080356167629361	0.0006345150759443641	0.00043572188587859273	0.001369514619000256	0.0025181323289871216
-0.00038852327270433307	0.0027113675605505705	0.0012545991921797395	-0.0005533987423405051	0.0028877300210297108	-0.000443740253103897	-0.0010823241900652647	-0.0033409125171601772	-0.002036281395703554	0.002887737937271595	0.0003058277943637222	-0.0028865612111985683	0.002294762758538127	-0.00038855153252370656	0.002770365448668599	-0.002130036475136876	0.001212002127431333	-0.0009573445422574878	0.0002570020442362875	-0.0025292690843343735	0.0002364956890232861	0.0028405017219483852	-0.0006548115634359419	-0.003112152684479952	0.0020456998609006405	0.00031878528534434736	-0.0032765574287623167	-0.0012860955903306603	0.0012137333396822214	0.0016226274892687798	-0.0001448507682653144	0.0027392019983381033	0.0020447925198823214	-0.0006379687110893428	0.0009504141635261476	-0.0010842917254194617	0.0018670406425371766	0.0028959978371858597	0.0007193296914920211	0.0030116839334368706	-0.0029273589607328176	-0.00041057891212403774	0.00088529969798401	0.0004685249296016991	0.0022095690947026014	0.00018926538177765906	0.0018695818725973368	0.0009541029576212168	-0.0017882289830595255	0.0033039338886737823	-0.0024666371755301952	-2.628210131661035e-05	-0.0006401900900527835	-0.00271389982663095	-0.0015834664227440953	0.003104180097579956	0.0002350116556044668	0.0005270775291137397	-1.0285036296409089e-05	-0.0014729878166690469	-0.0019630256574600935	0.003030074294656515	0.002101775724440813	0.0024788302835077047	-0.00236942945048213	-0.0008435953641310334	0.00042576761916279793	-0.0018359937239438295	0.0011348997941240668	0.00032230137730948627	-0.0011221719905734062	0.00012970507668796927	0.0027030757628381252	0.002491001272574067	-0.0028816035483032465	-0.0014839477371424437	0.001639808528125286	0.0013099295319989324	-0.00013548959395848215	0.002125887433066964	0.002471641171723604	-0.0018265157705172896	0.0007223657448776066	0.002826167969033122	-0.002424695296213031	0.0014320826157927513	0.0004879617190454155	-0.0005941346171312034	0.001117078703828156	0.002454673871397972	-0.003089641220867634	-0.0006597392493858933	7.040446507744491e-05	-0.001002722536213696	0.0023455482441931963	0.0029906430281698704	-0.002814567880704999	-0.0009013577364385128	0.002122206147760153	0.0006523706833831966	-0.00011482402624096721	0.0017883498221635818	0.002183362375944853	0.0026032414752990007	0.002534088445827365	0.0010435320436954498	-0.0006717897485941648	0.002146515529602766	0.001634160173125565	0.003048077691346407	-0.0022867433726787567	-0.0014911685138940811	0.0018934779800474644	0.0023774681612849236	0.0007209187606349587	-0.0013442190829664469	-0.0011516347294673324	-0.0008508322644047439	-0.003070218488574028	-0.0020353191066533327	0.0012514018453657627	-0.0017881677486002445	-0.0011422664392739534	0.0016990024596452713	0.0013586144195869565	-0.002524358220398426	0.00214486476033926	-2.479718932590913e-05	0.0026119800750166178	-0.00128322618547827	0.0032441176008433104	0.00011983580043306574	0.0020324820652604103	0.003274828428402543	-0.0024872738867998123	0.0021013456862419844	-0.003280587261542678	-0.0012229334097355604	0.0018098985310643911	0.0015514565166085958	0.0024277721531689167	0.001527059474028647	0.0013691355707123876	-0.002781081013381481	0.0014244007179513574	-0.0011565533932298422	-0.0017513892380520701	0.0029616905376315117	0.0032690358348190784	-0.0005937700043432415
0.0020557863172143698	-0.0010487382533028722	-0.0021114875562489033	0.00028270529583096504	0.002208130434155464	-0.003057260997593403	0.0015221533831208944	-0.00024766504066064954	-0.0031384113244712353	0.0020382555667310953	0.0013750467915087938	0.0020819022320210934	0.0017306806985288858	0.0019370694644749165	0.002339158207178116	0.0032426919788122177	-0.0006174638983793557	0.000619731901679188	-0.00044628133764490485	-0.000539050146471709	0.002056240802630782	0.001549299224279821	0.000742512580472976	0.0024099117144942284	0.002973940223455429	-0.0027855918742716312	-0.0008636460406705737	0.0030411442276090384	-0.0032712428364902735	-0.0011733308201655746	0.0029719730373471975	0.0013115801848471165	0.0011755472514778376	0.0027132488321512938	0.0009427474578842521	-0.000513132312335074	-0.0005999048007652164	0.002360587939620018	0.003006634069606662	-0.0002449735766276717	-0.0007344238692894578	0.0031380238942801952	-0.0010783892357721925	0.0008876319043338299	-0.0019766376353800297	0.0033339369110763073	0.00024286007101181895	0.001369422534480691	0.0008135357638821006	0.0004941220977343619	0.00325286528095603	-0.0002765595563687384	0.0010855895234271884	-0.001873003551736474	0.002709766151383519	-0.001382304122671485	0.003091157879680395	-0.0012715754564851522	0.0005684730131179094	-0.0003413502417970449	-0.0028189183212816715	0.0014927268493920565	-0.0025389741640537977	-0.002590597840026021	0.0008306382806040347	0.0008843694231472909	-0.002723375568166375	-0.0009252582094632089	-0.001942881615832448	-0.002751515945419669	-0.00021417951211333275	0.0008740125340409577	-0.0005834067706018686	0.002723883604630828	-0.0012340687680989504	-0.0007197069353424013	-0.002560126129537821	0.003073662519454956	-0.0011819610372185707	0.0002156981499865651	-0.0015542875044047832	-0.0003084722557105124	-0.003062297124415636	-0.0019789603538811207	-0.0011541852727532387	0.003155636368319392	-0.003043289529159665	0.00061752152396366	-0.0023096560034900904	-0.0026751679833978415	0.0013189809396862984	0.0013911006972193718	0.0002631734823808074	0.0011274884454905987	-0.0002578782441560179	0.003190472722053528	-0.0016401594039052725	0.0004435308510437608	-0.0028513865545392036	-0.0018193258438259363	-0.003051886335015297	0.0021427441388368607	0.002360185142606497	-0.0026444171089679003	-0.0006392047507688403	0.0028916294686496258	-0.0021183895878493786	0.0019920463673770428	-0.00048208527732640505	0.0004981165402568877	0.00035366410156711936	0.0009885786566883326	0.001852695131674409	0.0021088141947984695	0.001462403335608542	0.002943824278190732	0.0009265213739126921	-0.002283809008076787	0.000580643187277019	-6.59520155750215e-05	0.0018422440625727177	0.0025556234177201986	0.002698036376386881	0.0009075462585315108	-0.0020430036820471287	0.0002669400710146874	0.003029105020686984	0.0004916483303532004	-0.0011413159081712365	0.003218989819288254	-0.0006121636251918972	-0.0005308071849867702	0.002586410380899906	-0.000486161996377632	0.0011400532675907016	0.0026177698746323586	0.0014043692499399185	-0.0014196895062923431	0.0007908326806500554	0.00275522843003273	0.0031543446239084005	-0.0009535085991956294	-0.002337210811674595	-0.0030828022863715887	0.0022407537326216698	-0.0007635849760845304	-0.0011201807064935565	0.0023670773953199387	-0.002321197185665369	6.978151941439137e-05
3.382468275958672e-05	-0.0017012087628245354	0.00218690256588161	0.0016884742071852088	0.0004025855159852654	0.0019755205139517784	9.216969920089468e-05	0.0018312061438336968	0.0023061211686581373	0.0018104385817423463	-0.00016794157272670418	-0.0020234237890690565	-0.0031096283346414566	-0.0025586255360394716	0.0019741207361221313	-0.0005726286908611655	-0.003057260299101472	0.001179856015369296	0.0018230366986244917	-0.0010759064462035894	0.0014287095982581377	0.0030768103897571564	-0.0033297312911599874	0.003281407291069627	-0.0013599389931187034	-0.0009548442321829498	0.0033490811474621296	0.0017834327882155776	0.0031835746485739946	-0.002149014500901103	-9.2445028712973e-05	-0.0013710081111639738	0.002076574834063649	-0.00023891266027931124	0.0011043674312531948	0.0029467272106558084	0.002452419837936759	0.001326449797488749	-0.0006306159193627536	-0.0017677212599664927	3.0589697416871786e-05	0.0006107545341365039	0.0012436376418918371	-0.0027828894089907408	-0.001954941311851144	0.0017117495881393552	-0.0016767964698374271	0.0025555368047207594	0.0004705390310846269	0.0025026763323694468	-0.0005372524028643966	0.0018688291311264038	-0.0011974112130701542	-0.0013129694852977991	-0.0016966082621365786	-0.0008245406788773835	0.0008074791403487325	-0.0005339004565030336	0.0005166709888726473	-0.0007157806539908051	0.0026573138311505318	-0.0021071177907288074	-0.0023631176445633173	0.0005683060153387487	-0.0016971187433227897	-0.0011261740000918508	-0.002983702113851905	0.002854518825188279	0.0020102588459849358	0.0009501164895482361	0.0004317016573622823	0.0030629527755081654	0.0022370025981217623	0.0033481877762824297	0.0005547954351641238	-0.000612772477325052	-0.0009148769313469529	0.0024566962383687496	0.0006121817859821022	0.0024510046932846308	-1.748930117173586e-05	-0.0014229723019525409	0.0011869489680975676	-0.003280412405729294	-0.0011870444286614656	0.0029755455907434225	-0.0010438053868710995	-0.0015649390406906605	0.0032588625326752663	-0.0021960949525237083	0.0007747008930891752	0.00258080312050879	-0.002914943266659975	0.0017797774635255337	-0.00193848239723593	0.002334986114874482	-0.0032659105490893126	0.00043938891030848026	0.0007142387330532074	0.0004353102413006127	0.002285103313624859	-0.0014190215151757002	-0.0017448320286348462	-5.0322745664743707e-05	0.0016490487614646554	-0.0004441333294380456	0.0012895471882075071	0.00016555465117562562	0.0013417268637567759	0.002574073150753975	-0.0029054475016891956	-0.0027339679654687643	0.0026259315200150013	-0.0018597801681607962	-0.000901798892300576	-0.0024817506782710552	0.0012351900804787874	-3.2870666473172605e-05	0.0012488148640841246	0.002694451017305255	-0.0027523806784301996	-0.002376799937337637	0.0006641850341111422	0.00041631466592662036	-0.0013890622649341822	-0.0007025043596513569	0.0007907477556727827	-0.0003377403481863439	0.0016717805992811918	-0.00011735742737073451	0.0027138518635183573	8.896727376850322e-05	5.7400982768740505e-05	0.0005705633666366339	0.0005644651246257126	0.00193034450057894	-0.003132979618385434	0.0018693497404456139	0.0021962823811918497	0.0003636527981143445	0.0016929050907492638	-0.003257567761465907	-0.0023578417021781206	-0.0032939475495368242	-0.0021599633619189262	0.0021016369573771954	0.003218109952285886	-0.0029503025580197573	-0.0033272725995630026	0.0005112834041938186
0.0011559176491573453	0.003119981847703457	-0.0031785890460014343	-0.0003118289168924093	0.00230543059296906	0.0026757835876196623	-0.00110345846042037	-0.0010510283755138516	0.00296112266369164	0.0031619092915207148	0.0003543907077983022	-0.0029918123036623	-0.0025058581959456205	-0.0027554628904908895	-0.0007386837969534099	-0.0009784512221813202	-0.00039684571675024927	0.0015798280946910381	0.001387453288771212	-0.0016031182603910565	-0.0009419315028935671	-0.0006302901892922819	-0.0021646751556545496	0.002459092065691948	-0.0020704802591353655	0.0011023588012903929	0.001031238934956491	-0.0004651870985981077	-0.0012436896795406938	-0.0008022941765375435	0.001415315200574696	-0.0007312948000617325	0.0010224602883681655	0.003297272603958845	0.000969799526501447	-0.0026502120308578014	-0.001321780146099627	0.001189256552606821	-0.0020579309202730656	0.0004570192249957472	-0.0021474568638950586	0.0015516316052526236	0.002497428096830845	0.0006855883402749896	-0.003120537381619215	-0.001849313615821302	0.0033312400337308645	-0.003171623917296529	-0.0008413757313974202	-0.0018184895161539316	-0.0012051957892253995	-0.0025600187946110964	-7.867205567890778e-05	-0.0027648413088172674	0.003031121101230383	0.00033989502117037773	-0.0016464407090097666	-0.0011102436110377312	0.0005250403191894293	0.0029392559081315994	-0.0019997034687548876	-0.0007485324749723077	0.002534976229071617	-0.002027151407673955	-0.0017186182085424662	-0.0019665213767439127	-0.0032121194526553154	-0.0024336508940905333	0.0011317911557853222	-0.0008134038653224707	-0.0012812272179871798	0.0030668762046843767	-0.00011157593689858913	0.0007822319166734815	0.0009317526710219681	0.00048666182556189597	-0.0031180980149656534	0.0022034980356693268	0.002979956567287445	0.0030695179011672735	-8.411049930145964e-05	0.002943771192803979	0.0013754930114373565	-0.0022026391234248877	-0.0021739760413765907	-0.000524852192029357	0.002695666393265128	-0.0026642251759767532	0.002092378679662943	-0.002438523340970278	0.0031767943874001503	0.0012498856522142887	0.0017116257222369313	-0.001085881725884974	-0.0018072257516905665	0.0005199360311962664	-0.0020580205600708723	0.002753815148025751	-0.003253048053011298	0.003328572493046522	0.000493801140692085	-0.0012850872008129954	-0.0005409655277617276	-0.0025184734258800745	-0.0001272147346753627	-0.0016382313333451748	-0.0015403013676404953	-0.0004198094829916954	0.0003197197802364826	-0.0011605301406234503	-0.0005324519006535411	0.0032624832820147276	-0.00041649825288914144	-0.0022386363707482815	0.002130757551640272	-0.001950492849573493	0.0017796466127038002	-0.0015584384091198444	0.003055479610338807	0.00044085030094720423	0.0026739980094134808	-0.0022858125157654285	0.00010842554911505431	0.0010350948432460427	-0.0009452348458580673	-0.0014127773465588689	-0.0032439245842397213	0.002003956586122513	0.0005865579005330801	-0.003050851635634899	0.002416999312117696	0.0003682939277496189	-0.0028499960899353027	-0.0023269669618457556	0.0004850082623306662	0.0024475399404764175	0.0019226698204874992	0.0014409555587917566	-0.001703989109955728	-0.0010418114252388477	0.001114523271098733	0.0014616257976740599	0.0011783679947257042	-0.002194228582084179	0.0024736113846302032	-0.0009537171572446823	-0.0025992144364863634	-0.0015402082353830338	0.0002501618873793632	0.00043391442159190774
0.0003135867591481656	-0.0026194346137344837	-0.0026885285042226315	-0.0019094101153314114	-0.0019764183089137077	-0.0033336111810058355	0.0022895068395882845	-0.002201453549787402	0.0020905425772070885	-0.0028818973805755377	0.0016011289553716779	0.00287860119715333	-0.0032318802550435066	0.0031263919081538916	-0.001855668961070478	-0.0025980824138969183	-0.0006962838815525174	0.0019038297468796372	-0.0015505827032029629	0.0011021826649084687	-0.0032635133247822523	0.003161379601806402	-0.002632652875036001	0.003097907407209277	0.002549591939896345	-0.0025180161464959383	-0.0021558289881795645	-0.0031232391484081745	0.0023135363589972258	0.0018829151522368193	-0.002708897227421403	-0.0003127605887129903	0.0015925478655844927	-0.0015412712236866355	-0.0022785766050219536	-0.0020235904958099127	-0.0027042923029512167	-0.00012021078146062791	0.001556317089125514	0.0014242652105167508	-0.0016803378239274025	0.0031598550267517567	-0.0019589795265346766	-0.0011895151110365987	0.00047096083289943635	0.0016253083012998104	-0.0030713537707924843	-0.0019137487979605794	-0.0013453725259751081	-0.00010333290993003175	0.0024367531295865774	0.001796093420125544	-0.0011912110494449735	0.0023511822801083326	0.0005393112078309059	0.0007627856102772057	0.003083920106291771	-0.0026032868772745132	-0.0024905921891331673	-0.0021176005247980356	-0.0012759228702634573	-0.0031155096367001534	-0.0013608572771772742	0.0022911401465535164	-0.0020132791250944138	-0.0006009563221596181	-0.0005168630741536617	-0.0003090101236011833	-0.0015686183469370008	0.002177049173042178	-0.0031068401876837015	-0.0021093429531902075	0.0030919061973690987	-0.0022364072501659393	0.002060240600258112	-0.0028741639107465744	-0.0029360984917730093	0.0028280355036258698	-0.00024668153491802514	-3.214885850866267e-07	0.0026773458812385798	-0.0008197289425879717	0.0031246778089553118	0.002021034015342593	0.003014093264937401	0.0010736483382061124	1.410154982295353e-05	-0.0010618130909278989	0.0032288457732647657	-0.0005597209674306214	0.0010553508764132857	0.00012083259207429364	0.0028817940037697554	0.0013925182865932584	-0.0009679439826868474	-0.0014914651401340961	0.001967973541468382	0.0008678489248268306	-0.0030878467950969934	0.0029117693193256855	-0.002940588863566518	-0.0014162244042381644	-0.0004695387033279985	-0.00023038004292175174	0.0027744753751903772	-0.0008747154497541487	-6.640757055720314e-05	0.0022311618085950613	-0.0030129605438560247	0.0016549458960071206	-0.0026338209863752127	0.0016097875777631998	-0.003184245666489005	-0.0026133223436772823	0.0016777393175289035	0.0002913819334935397	-0.0011909364257007837	-0.002871677279472351	0.0020399452187120914	-0.000416211987612769	-0.0019379416480660439	0.0030243396759033203	0.0013733025407418609	0.0027265313547104597	-0.002703232690691948	0.0021098614670336246	-3.76184907509014e-05	-0.00239392532967031	-0.0025296721141785383	-0.001807043212465942	0.001283013611100614	0.0023664238397032022	-0.0030470979399979115	0.0017001620726659894	0.0005445959395729005	0.002974805189296603	-0.001568900654092431	-0.001023280550725758	0.0010871599661186337	-0.0005478337989188731	-0.0016911233542487025	-0.0029692042153328657	0.0014847473939880729	-0.0014726475346833467	0.0028055624570697546	0.001040462520904839	0.0023836346808820963	-0.000836981984321028	-0.00018458686827216297	-0.000931848248001188
0.0003045912308152765	0.0023325644433498383	0.0018169158138334751	-0.001686186995357275	-0.0015649800188839436	-0.0023411272559314966	-0.0029657732229679823	-0.0031212426256388426	-0.002860855311155319	-0.0002984232269227505	-0.0032038437202572823	-0.0005029336316511035	0.001781547092832625	0.002256955485790968	0.002208645921200514	-0.001449562143534422	0.001847877399995923	0.0012991378316655755	-0.001764246029779315	0.00021488017227966338	0.0016041414346545935	-0.003129804041236639	0.002163088880479336	-0.0021435690578073263	0.0016263971338048577	0.0020313544664531946	0.001624844502657652	-0.0030134234111756086	-0.0030583031475543976	0.0018712091259658337	-0.003023267025128007	-0.0026608577463775873	0.00021960337471682578	0.0010728519409894943	0.0005372128216549754	0.00025857737637124956	-0.002634428208693862	0.0024886217433959246	-0.0012066090712323785	0.00043067350634373724	0.0011639969889074564	-0.00133206055033952	-0.003137086983770132	-0.002276372630149126	0.0032716814894229174	-0.0009391936473548412	0.00026754694408737123	0.0008279602043330669	-0.0032244790345430374	0.000737353169824928	0.001498476485721767	-0.00010865704825846478	-0.002691136207431555	-0.0027985856868326664	-0.0004101716331206262	-0.0021783553529530764	0.002849068958312273	-0.0017086192965507507	0.0030847983434796333	0.0023100199177861214	0.0008984339656308293	-0.0007641095435246825	0.003116645384579897	-0.002500054193660617	0.0013969935243949294	0.0022248944733291864	0.0014219387667253613	9.319906530436128e-05	0.0008141639409586787	-0.002367034088820219	-0.0013123502722010016	0.0004646687884815037	-0.001278621144592762	-0.002644356107339263	0.0014321987982839346	0.0013322156155481935	-0.0027163559570908546	-0.0017236926360055804	0.0008776547037996352	-0.0002890879404731095	-0.003099999623373151	0.00022430151875596493	-0.0014399735955521464	0.0002088226901832968	-0.0008210793021135032	-0.0023108746390789747	0.001042857184074819	-0.0017446058336645365	0.0006939214654266834	-0.003126496449112892	0.0026094818022102118	-0.0008618633728474379	-0.0007046548998914659	0.0019565396942198277	-0.0017871600575745106	0.002696444746106863	0.0006866301991976798	-0.0013501406647264957	0.002985424129292369	0.001938672037795186	0.0018687499687075615	0.0026111986953765154	0.000884751440025866	0.0007306691841222346	-0.0008734295261092484	0.0033258271869271994	-0.002076408825814724	0.0024648294784128666	0.0017252740217372775	-0.001685408060438931	0.002757201436907053	0.0010481373174116015	0.002817083615809679	0.00047808096860535443	0.0023738553281873465	0.0003136478771921247	-0.00290152570232749	0.0018546644132584333	0.0017815283499658108	-0.002716718940064311	0.0009645749814808369	0.0017276849830523133	-0.0012368003372102976	0.00033988672657869756	-0.002204264746978879	0.0009033942478708923	0.0018127188086509705	-0.001003940007649362	-0.0018339988309890032	0.0014600439462810755	-0.0031356550753116608	-0.00011470852768979967	0.0020440996158868074	0.0017911092145368457	0.0031593837775290012	-0.0023418739438056946	-3.798165562329814e-05	-0.0002621611347422004	-0.0021160647738724947	0.003305339254438877	0.001804653787985444	-0.00291654234752059	0.0007385872304439545	-0.0026312642730772495	0.0006046679918654263	0.0007499806815758348	0.0009327398147433996	0.002817645436152816	0.0004384020867291838	-0.0015306206187233329
-0.0006939037702977657	-0.0029232713859528303	0.002288613934069872	-0.0010270826751366258	0.0016252577770501375	-0.0031862950418144464	0.0009290126617997885	-0.001580917974933982	-0.0028824442997574806	0.002180906943976879	0.0016103393863886595	-0.0018163835629820824	0.0015602870844304562	-0.0024035118985921144	0.0008682149345986545	-0.002815728774294257	-0.0006101239123381674	0.0021079459693282843	0.0007499863277189434	0.0007460954366251826	0.002848343923687935	-0.0026098655071109533	-0.0011757425963878632	-0.002056173514574766	0.0014452295145019889	0.002066101413220167	-0.001242767903022468	0.001399407396093011	0.0006714920164085925	-0.0014495484065264463	-0.0015473273815587163	0.0014039318775758147	0.002084469422698021	0.002532467246055603	-0.0007324082544073462	-0.0007464406080543995	0.00027002530987374485	-0.002178073162212968	0.0022234623320400715	8.24831731733866e-05	-0.0017465478740632534	0.0012766174040734768	-0.0011429296573624015	-0.0017272854456678033	-0.0030117989517748356	-0.001194671611301601	0.0019573478493839502	0.0025272720959037542	-0.001497008022852242	-0.002348958281800151	-0.0017787530086934566	-0.0011030574096366763	-0.0005020069074817002	0.0024001263082027435	-0.0030664827208966017	-0.0023760918993502855	-0.0006509502418339252	0.0006452297675423324	0.0006088977097533643	-0.0030494993552565575	0.0022390936501324177	0.001883723889477551	0.0025033890269696712	-0.002699604956433177	-0.0015503184404224157	0.001734912977553904	-0.0024672220461070538	-0.0009491199161857367	0.0006779014365747571	-0.0030455344822257757	-0.000464914133772254	0.0012359862448647618	0.0016169697046279907	-0.0014321329072117805	0.0027190614491701126	-0.0031975465826690197	0.0005219451850280166	0.0031956203747540712	0.0026551985647529364	-0.0011886379215866327	0.0010848594829440117	0.0006874173996038735	-4.632009586202912e-05	-0.0022096578031778336	0.0024356592912226915	-0.0022425795905292034	-0.001458548242226243	-0.0017821916844695807	0.0011773866135627031	-0.0009204686502926052	-0.0011739135952666402	-0.0021591889671981335	0.0027435508091002703	0.0014190372312441468	0.002668843138962984	0.001034654676914215	0.0033020335249602795	0.0015279512153938413	0.0010972126619890332	-0.0013436863664537668	0.0018117957515642047	-0.0018164872890338302	-0.0011343259830027819	-0.0026523962151259184	0.002719905925914645	0.0007155877538025379	0.0029377450700849295	-0.0009557225275784731	0.003193978453055024	0.002125984290614724	0.001820380799472332	0.00044600560795515776	0.0019697316456586123	0.0015288875438272953	-0.0010284187737852335	0.0025446657091379166	0.002863396657630801	0.0027419531252235174	0.0028363270685076714	-0.002811683574691415	0.002562065375968814	-0.003253268077969551	0.0021368712186813354	-0.0028562629595398903	0.0002058074314845726	0.000819797336589545	-0.0029870951548218727	0.0027146709617227316	0.0013782515889033675	0.0028693547938019037	0.0023326759692281485	-0.0026212860830128193	-0.001962491311132908	-0.0010367889190092683	0.0002331864961888641	0.0033074822276830673	0.0029511861503124237	-0.0011280931066721678	0.0021310336887836456	-0.0016560036456212401	0.001468709553591907	0.0008515502559021115	0.003194481832906604	1.5040179278003052e-05	-0.0010991347953677177	-0.0025944309309124947	0.0006534147541970015	-0.0027281122747808695	-0.0027305176481604576	-0.0029682761523872614
0.00326422112993896	0.0011487506562843919	0.002461707452312112	0.0022478580940514803	0.0014251820975914598	0.0021139751188457012	-0.0026032589375972748	-0.0023789238184690475	-0.0005785028333775699	-0.002460039220750332	0.002067683031782508	-0.002732128370553255	0.0019455599831417203	0.0003549036046024412	0.0003239588695578277	0.00036130842636339366	0.0011917257215827703	-0.0019404481863602996	0.0006835437379777431	0.0022828627843409777	0.002936377190053463	-0.0004126649000681937	-0.003269806271418929	0.0011179826688021421	0.0009226411930285394	-0.0003759954415727407	0.0009966044453904033	-0.0024553067050874233	-0.0015723368851467967	-0.0032468149438500404	-0.0028259390965104103	-0.0008831443847157061	-0.0008932099444791675	0.003223596839234233	0.0002648847585078329	0.0027664825320243835	-0.0026282276958227158	-0.0025927950628101826	0.0019863825291395187	0.001862563076429069	0.0010570468148216605	-0.0026780234184116125	-0.0001428715040674433	1.1585188076423947e-05	-0.002756373956799507	0.001133392914198339	-0.0004390171670820564	-0.0012973991688340902	0.00031983849476091564	0.0009090933599509299	-0.0011257360456511378	-0.0014394244644790888	-0.002052066847681999	0.0018662207294255495	-0.002430543303489685	0.001865384285338223	-0.001266404869966209	-0.002092925598844886	-0.001883603516034782	0.0007424589130096138	0.0015173896681517363	-0.0025460603646934032	-0.0014812859008088708	0.0011919985990971327	-0.0007370559615083039	0.0018058628775179386	0.000214590851101093	-0.0015050317160785198	0.0013193052727729082	0.0008140334393829107	0.000997869297862053	-0.0025444591883569956	0.0007175326463766396	0.000988481566309929	0.000856722763273865	-0.0028545716777443886	0.0014220887096598744	-0.0028393797110766172	0.0005807580891996622	0.0010951034491881728	0.0023537317756563425	-0.0015192015562206507	-8.241603791248053e-05	-0.0031865155324339867	-0.001879215706139803	0.0007775176782160997	-0.0028777807019650936	0.001759062521159649	-0.00042956776451319456	0.0030852898489683867	0.0005017459625378251	0.0005479578394442797	0.001247675740160048	-0.0028497623279690742	-0.0027955123223364353	0.0013872786657884717	-0.0010711943032220006	0.0028867493383586407	-0.0005055131041444838	0.0017667695647105575	-0.002572406083345413	-0.002723826328292489	0.003002268960699439	0.0012725780252367258	-0.0013874232536181808	-1.8349843230680563e-05	0.003086073324084282	0.0011907737934961915	-0.002510340651497245	-0.0008913397905416787	0.00196836213581264	0.0002923010033555329	-0.0022438473533838987	0.0007692271610721946	-0.0021569030359387398	0.0027676287572830915	0.0002310224954271689	-0.0024581218603998423	-0.0024161161854863167	0.0009849510388448834	-0.000591450312640518	-0.000205066375201568	-0.0013363304315134883	0.0031617896165698767	-0.002318310085684061	0.0024374905042350292	0.0008049618336372077	-0.0009559066384099424	0.0032880506478250027	-0.002636204706504941	0.00019247399177402258	0.0006919946754351258	-0.00030263487133197486	-0.002501766663044691	0.001265434781089425	0.0028655328787863255	-0.001640797359868884	-0.0017337130848318338	-0.003018271178007126	-0.0021300066728144884	-0.001713064848445356	0.00032848212867975235	0.0004927334375679493	0.001336430199444294	-0.0015986080979928374	-0.0005838435608893633	0.0014627807540819049	0.002185107208788395	-0.003328569233417511	-0.0005615056143142283
0.001441838569007814	0.0021983101032674313	-0.0005922743584960699	0.0011786447139456868	-0.0006400254787877202	0.001172965974546969	0.0020686653442680836	0.003117020707577467	0.0022639830131083727	0.0019377588760107756	-0.002198497299104929	-0.001480557955801487	0.0005410976009443402	-0.0019298214465379715	1.0746343832579441e-05	-0.0022113726008683443	0.00271276175044477	0.0023911946918815374	-0.0032739785965532064	0.0010033936705440283	0.0032383587677031755	-0.0008433173061348498	-0.0025608460418879986	-0.0006618574261665344	-0.0017695326823741198	0.00016766952467150986	0.00047214183723554015	-0.0020096164662390947	-0.002298007719218731	-0.0007644154829904437	-0.00207719299942255	0.0032754256390035152	-0.0021360365208238363	-0.003100999165326357	-0.002650922629982233	-0.0006275596679188311	-0.0005342201911844313	-0.0012089824303984642	-0.0027503794990479946	-0.0012978088343515992	-0.001974840182811022	-0.0007242911378853023	-0.0009574706782586873	0.002998052164912224	-0.0031817725393921137	0.002295070793479681	-0.000432745146099478	-0.0021697322372347116	0.0009580219048075378	-0.00048510925262235105	0.002719182288274169	0.0016244100406765938	-6.106671935413033e-05	-0.0010968107962980866	0.00017042960098478943	-0.0012220183853060007	-0.0029232457745820284	-0.0014336522435769439	-0.0010238755494356155	0.0003725231217686087	-0.0005356178735382855	0.00019305611203890294	0.002254812978208065	-0.0014896763022989035	0.0008625240297988057	-0.0010098268976435065	0.00036114902468398213	0.0031913721468299627	-0.0025402770843356848	0.002155851572751999	0.002563341287896037	2.9553530112025328e-05	0.0023708553053438663	0.0014301544288173318	0.0010630750330165029	0.0015588172245770693	-0.002046738052740693	0.0014754169387742877	-0.0031793094240128994	0.0009736684733070433	0.0005021789111196995	0.001987587893381715	-0.0008693540585227311	-0.001702312845736742	0.00011768790136557072	0.003091567661613226	-0.002421921119093895	-0.0005479127867147326	-0.0001238319673575461	0.0023005858529359102	-7.06027276464738e-05	-0.0011899798410013318	-0.002917766571044922	-0.003120063804090023	0.000334625510731712	-0.0018557293806225061	-0.001004472142085433	-0.00029437412740662694	0.0033118040300905704	-0.0016409435775130987	-0.0015386042650789022	0.0010944094974547625	0.0011643231846392155	-0.0006770766922272742	-6.75152987241745e-05	0.0005307786632329226	0.0016507363179698586	-0.0007295965333469212	0.0015147342346608639	-0.0018026561010628939	0.0023913646582514048	-0.001907458994537592	0.002169020241126418	0.00011699830793077126	-0.002118513220921159	-0.002366661559790373	0.0002619289152789861	-0.0028532342985272408	0.0013544457033276558	-0.0013407974038273096	-0.00010143212421098724	-0.0029630663339048624	0.0012253489112481475	-0.0032987017184495926	-0.001133781741373241	-0.002861949848011136	0.00247558974660933	0.0023602114524692297	0.00023763308126945049	0.0014471827307716012	0.0019212192855775356	-0.0008642231114208698	0.0004992865724489093	-0.0016394450794905424	0.003225994063541293	-0.0020352101419121027	0.0021594632416963577	-0.0027706213295459747	-0.0023840293288230896	0.00020829818095080554	0.001059780828654766	0.0014446839923039079	-0.0030302193481475115	-0.0024533544201403856	-0.0024082486052066088	0.0021085727494210005	-0.0020827176049351692	-0.000992987654171884	-0.0014154415111988783	-0.002415688941255212
0.001645838376134634	-0.000512883358169347	0.0031196335330605507	-0.00010893314174609259	0.0029800499323755503	0.003322877921164036	-0.0029761462938040495	-0.0003236972843296826	-0.0016824565827846527	-0.0025882297195494175	-0.00028317750548012555	-0.0030478457920253277	0.001114511163905263	-0.0022108221892267466	0.0010039014741778374	-0.0006223502568900585	0.0007904427475295961	-0.0032828140538185835	0.0014680594904348254	-0.0021357282530516386	0.0031507418025285006	0.0001917473564390093	-0.0010676892707124352	-9.154585131909698e-05	0.0008378779166378081	4.789241211256012e-05	0.0024458663538098335	-0.0017504295101389289	-0.0028193059843033552	0.0031044059433043003	-0.0025294353254139423	3.667593773570843e-05	0.0011633246904239058	0.0013819560408592224	-0.0005577670526690781	0.0030117223504930735	-0.0032462517265230417	0.0023900759406387806	0.0009130290127359331	0.001625429606065154	0.000454593711765483	0.0009906658669933677	-0.0008574269013479352	0.0018382839625701308	0.0021113762632012367	0.0003976138832513243	0.0003568855463527143	0.0010673658689484	-0.0001481015933677554	0.0014368382981047034	-0.0005994440289214253	-0.0029737730510532856	-0.0017831665463745594	0.0020949614699929953	-0.0030856700614094734	-0.0020716844592243433	0.0007260292186401784	0.003040897659957409	0.002616272773593664	-0.0011308265384286642	-0.0024593358393758535	0.0010149646550416946	0.0028737233951687813	-0.0021141148172318935	0.0011585180182009935	0.001919520553201437	0.000951285706833005	0.0010378394508734345	0.002033727243542671	0.0020243606995791197	0.002619208535179496	0.0027218726463615894	0.0008900061948224902	-0.000918744073715061	-0.0028642446268349886	0.0013088624691590667	-0.0018305436242371798	0.0012020694557577372	0.0019571923185139894	0.0010204841382801533	0.003061598399654031	0.0014097687089815736	-0.0011605622712522745	-0.0007141106761991978	0.00023624450841452926	-0.003294150112196803	0.0027044883463531733	0.0011650208616629243	-0.0026544055435806513	-0.0023659050930291414	0.00015047815395519137	-0.0003647580451797694	-0.00034948543179780245	0.003084822092205286	0.001739046536386013	-0.0007573437760584056	-0.0030925783794373274	0.0016815587878227234	0.0016333773965016007	0.0020648876670747995	0.0030222088098526	0.00022190893650986254	0.0013906166423112154	4.490726496442221e-05	-0.0027228877879679203	0.002936229109764099	0.0007044078665785491	-0.0032520699314773083	-0.0030152976978570223	0.00020719494204968214	0.0029382517095655203	-0.00324079766869545	0.002142045646905899	-0.0031504002399742603	-4.370320311863907e-05	-0.00019784941105172038	-0.0030089409556239843	0.0030845629516988993	0.0018767883302643895	0.0020702886395156384	0.0023787515237927437	-0.0018852787325158715	-0.00030913573573343456	0.0001079174253391102	0.0011078143725171685	-0.0020488640293478966	-0.00023483838594984263	-0.0032897579949349165	0.002729577710852027	0.0024298778735101223	0.0027024412993341684	-0.00027622623019851744	-0.0006138277240097523	-0.001112157478928566	-0.002481621690094471	0.003088803496211767	-0.0013755554100498557	-0.001875035697594285	0.00031020669848658144	-0.0007918847259134054	0.00010809280502144247	0.0020228370558470488	0.000629433779977262	2.1559055312536657e-05	0.003176855156198144	0.0033043473958969116	0.0006103136693127453	0.002366095781326294	0.0011372908484190702	0.003221620339900255
0.0002853770856745541	0.003084751544520259	-0.0020269255619496107	0.0019077437464147806	-0.0025466582737863064	0.0016658519161865115	0.00028940453194081783	0.0023283653426915407	-0.0013940900098532438	-0.0014916296349838376	-0.002555077662691474	0.00236391625367105	-0.002701090183109045	-0.0011540752602741122	0.0013816850259900093	0.001121354172937572	-0.0010013784049078822	-0.002230748999863863	-0.0013738186098635197	0.0005787317059002817	-0.0021445825695991516	-0.0021433643996715546	-0.0020953635685145855	-0.0027889772318303585	-0.0006990680703893304	0.002592700533568859	0.0007116156630218029	-0.0003133993595838547	-0.0030139340087771416	0.0015897245611995459	-0.0016076478641480207	0.0030490588396787643	0.001727996626868844	-0.0016641244292259216	0.003014559391885996	-0.000987047329545021	0.0019893755670636892	-0.0032067708671092987	0.001106824609450996	0.00012648174015339464	0.0012369068572297692	-0.0002689563552848995	0.0016960900975391269	-0.002934562973678112	0.0012478193966671824	0.001502688741311431	-0.002949718851596117	0.0026642940938472748	0.0015335287898778915	9.154198050964624e-05	0.000608257541898638	0.0013683075085282326	-0.0029539642855525017	-0.00238034687936306	0.0005266385851427913	0.0001552454923512414	0.0027238877955824137	0.001490263850428164	-0.002160778036341071	-0.0012498884461820126	-0.00234216614626348	-3.594180088839494e-05	-0.00036510213976725936	0.0011388587299734354	0.002369730733335018	0.0011651136446744204	0.0011104786535724998	-0.0033135784324258566	0.001946826814673841	-0.001563464174978435	0.0008708885288797319	0.00025153192109428346	0.0030221196357160807	-7.099400681909174e-05	0.0006578831234946847	0.0025671860203146935	0.002104451647028327	-0.0005717911408282816	-0.002044576220214367	-0.0021824717987328768	0.0011214794358238578	0.0007811309187673032	-0.0019340552389621735	-0.002400387078523636	-0.0028232436161488295	0.0015912759117782116	0.0032398076727986336	0.0011340657947584987	-0.0011029362212866545	0.002282228320837021	0.0021953352261334658	0.0032292765099555254	0.0024210275150835514	0.00105469289701432	0.0010101457592099905	-0.0012172067072242498	-0.0010667224414646626	-0.0012244392419233918	6.729848973918706e-05	-0.0028424656484276056	-0.002837485633790493	-0.001696297898888588	-0.00018143391935154796	-0.0005686548538506031	0.0016782553866505623	0.0006660401704721153	0.002977765863761306	0.0008013558108359575	-0.0030257042963057756	-0.000469036225695163	-0.0013945656828582287	-6.343790300888941e-05	-4.4022133806720376e-05	-0.0027236032765358686	-6.0186077462276444e-05	0.002483306685462594	-0.0010685896268114448	0.0031893064733594656	0.0013715745881199837	0.0027144383639097214	0.0015581041807308793	0.00010467998799867928	0.0013828399823978543	0.0003128522075712681	0.0016270220512524247	0.0020837902557104826	-0.0019042983185499907	0.0019447871018201113	0.0009867986664175987	0.0026428978890180588	0.0020941286347806454	-0.00014619722787756473	-0.0012384697329252958	-0.0013029670808464289	-0.0029100398533046246	0.0033302302472293377	0.0010070923017337918	-0.0031913502607494593	0.002497253939509392	0.0017166199395433068	-0.0024715345352888107	-0.0019531077705323696	-0.0028534256853163242	0.0022467556409537792	0.0013558518840000033	-0.0013874029973521829	0.0025135588366538286	0.0017889479640871286	-0.0018240029457956553	-0.0030454660300165415
0.0031645039562135935	0.0030740746296942234	0.00020690110977739096	0.0007487430120818317	-0.0025707923341542482	-0.0018535566050559282	0.001236393698491156	-0.0028008711524307728	-0.0009663836099207401	-0.002078109188005328	-0.0009674060856923461	0.0005485205911099911	0.002942043822258711	0.0032112093176692724	0.0033351206220686436	-0.00017102071433328092	-0.00045763241359964013	-0.001368106110021472	-9.999040048569441e-05	0.0022527885157614946	-0.0014145750319585204	-0.0021630744449794292	0.0001355474378215149	0.0031090546399354935	0.0024910569190979004	0.0007398637826554477	-0.003274079877883196	-0.0019532775040715933	0.003018585266545415	-0.00181001762393862	0.000565325899515301	-0.0021833295468240976	-0.0009155242005363107	-5.0001464842353016e-05	-0.002811133861541748	0.0027059828862547874	0.0025511146523058414	-0.0021443304140120745	0.0030070291832089424	-0.001966251526027918	0.0003988316166214645	0.000211314283660613	0.0002737580216489732	0.0012554164277389646	0.00037604683893732727	-0.0010178852826356888	-0.0009321562247350812	-0.00225614826194942	-0.0003209976421203464	0.001554668415337801	-0.0028161490336060524	0.0021464722231030464	-0.0007659652619622648	0.003221154445782304	-0.0013508130796253681	-0.00041589108877815306	4.3881547753699124e-05	0.0002021593536483124	-0.0013329277280718088	-0.0007016081362962723	-0.002981319325044751	-0.0005483220447786152	0.0013746629701927304	0.0019847091753035784	0.0018846611492335796	0.0013046878157183528	-0.0015773037448525429	0.002988107968121767	0.0012108098017051816	0.0004255488747730851	-0.0018461205763742328	0.00047564206761308014	-0.0009867700282484293	-0.0002697446325328201	0.00015591578267049044	0.0018592681735754013	0.0008344362140633166	-0.00045135500840842724	-0.0026221645530313253	-0.00015875641838647425	0.00252565648406744	0.000248875207034871	-0.003242011647671461	-0.000795981555711478	0.0013075795723125339	0.003084304742515087	0.001313301152549684	0.002815795363858342	0.0018733266042545438	0.0030132224783301353	-0.0006310496246442199	0.0023207867052406073	-0.0007100600632838905	0.0030877715907990932	-0.0001704540482023731	-0.0032217686530202627	-0.002088460372760892	0.0030297739431262016	0.0018446366302669048	-0.0033270481508225203	-0.001956415129825473	-0.0030918819829821587	-0.0033258816692978144	-0.0014690377283841372	-0.00013141367526259273	-0.002479823539033532	0.003335565095767379	-0.002107340609654784	0.0005842519458383322	-0.0003142928471788764	0.0003951560356654227	0.0030828784219920635	-0.0032128957100212574	-0.0012319358065724373	0.0011934259673580527	-0.0005000880919396877	-0.0016589568695053458	-0.0004074225726071745	-0.0015593303833156824	-0.0014654917176812887	-0.003113846993073821	0.002103216713294387	-0.00028748277691192925	0.000335078890202567	0.002033319789916277	0.00018494488904252648	0.0029640246648341417	-0.002310421084985137	0.0016311142826452851	0.0031103233341127634	0.0012993414420634508	0.001315532368607819	0.001764981192536652	-0.0009806471643969417	-0.00300376839004457	-0.0022059553302824497	0.0015675808535888791	0.002307902555912733	0.0009690352017059922	-0.002543924143537879	-0.0033188755623996258	-0.0032043340615928173	0.0009715280611999333	0.0020275067072361708	-5.675523425452411e-05	0.0007312668021768332	0.002336005913093686	-0.0005437282961793244	0.003257492557168007	-0.0010428299428895116
0.0007930687279440463	-0.0009612617432139814	0.0014205462066456676	0.001936320448294282	-0.0028722870629280806	-0.0021172042470425367	-0.0009635695605538785	0.0019492696737870574	0.0015578374732285738	0.0004503361415117979	0.002679520519450307	-0.002859358675777912	0.001791224000044167	-0.0022781603038311005	0.00026589370099827647	-0.0024696742184460163	0.0011219389270991087	0.0029159686528146267	-0.0013589974259957671	0.0012043284950777888	-0.002797364490106702	-0.003019813448190689	-0.0010039523476734757	0.00248809065669775	-0.0005889441817998886	0.0033135886769741774	0.000981228775344789	-0.000907532696146518	-0.0008372347801923752	-0.0028789422940462828	0.00041085522389039397	0.0031852773390710354	-0.0030159451998770237	0.0030708457343280315	0.0020618189591914415	0.0012072304962202907	0.0029637522529810667	0.0007625226862728596	-0.00030448459438048303	0.0005720393382944167	-3.735242717084475e-05	0.00029601281858049333	0.0023155768867582083	-0.0032033915631473064	-0.002466830424964428	0.001321864896453917	0.0029086684808135033	-0.002009663498029113	-0.0004836904117837548	0.0031506435479968786	-0.0017467493889853358	-0.0008636668790131807	-0.0025607964489609003	0.0006785446312278509	-0.003163723275065422	0.0003855018876492977	-0.0010596353095024824	-0.001046914840117097	0.0015640802448615432	0.0004735547991003841	0.0020916226785629988	-0.003235044190660119	0.0023065756540745497	-0.0001629628532100469	-0.0007563261315226555	-0.0012646008981391788	-0.0011499497340992093	-5.169950964045711e-05	3.796207602135837e-05	-0.0019632517360150814	-0.00025281161651946604	-0.0015990097308531404	-0.000304576096823439	-0.0017858822830021381	-0.0014316510641947389	0.001861662371084094	-0.0028044027276337147	0.0002968712360598147	-0.001625702017918229	0.0002728560066316277	-0.0014453819021582603	-0.0019614435732364655	0.0001167193622677587	0.002334289252758026	-0.0022496371529996395	0.001818148884922266	0.00196955818682909	0.002695420989766717	0.002238795394077897	0.0009651536820456386	-0.0021946472115814686	-0.0018361881375312805	0.0025308432523161173	-0.0032850541174411774	0.0019889555405825377	-0.0013616742799058557	-0.001328773912973702	0.0008620544685982168	-0.003164381254464388	-0.003116301726549864	0.00096971879247576	-0.00125600874889642	0.0024997221771627665	-0.00196545897051692	0.002204841235652566	-0.0021897449623793364	-0.0025414933916181326	-0.00024176361330319196	-0.0024236931931227446	-0.0009908854262903333	0.002211078302934766	-0.0025684391148388386	0.00030512589728459716	0.0004370519891381264	-0.000190865874174051	-0.0020227825734764338	0.0022159789223223925	-0.0013876250013709068	-0.0008853866020217538	0.002976467367261648	-0.00046580014168284833	-0.0019235563231632113	-0.0014985468005761504	0.0007470989366993308	-0.0005104906740598381	-0.0026451454032212496	-0.0024174486752599478	0.0031651295721530914	0.00017159426352009177	-0.0016841160831972957	0.0024328234139829874	-0.002764324191957712	0.0008069375762715936	-0.002585349604487419	-0.002586483722552657	0.0006157949683256447	-0.00045170722296461463	-0.0005309012485668063	0.0030143021140247583	0.0012966666836291552	0.00019938214973080903	-0.0014667270006611943	0.0006399550475180149	-0.0032478980720043182	0.0028970458079129457	-0.003108635311946273	8.592285303166136e-05	0.0008130470523610711	-0.0023657074198126793	-0.0013371447566896677
