0.4068801999092102	-0.1995527446269989	-0.5261538028717041	-0.3298427164554596	0.6875128149986267	1.54037606716156	1.8628413677215576	-0.01990373060107231	0.7613586187362671	1.000516653060913	-0.40975505113601685	0.6510840058326721	0.7878548502922058	-0.5522478222846985	-0.742080807685852	-0.4370412230491638	-2.2499942779541016	-0.5436680316925049	-0.9475371837615967	0.20785801112651825
1.220895767211914	3.681705951690674	-2.0684893131256104	-3.127394676208496	-0.13904431462287903	-0.24742095172405243	0.9518486857414246	-0.4132748246192932	3.7511425018310547	-0.37651416659355164	-0.22551293671131134	-0.09200222045183182	4.8419694900512695	-1.3189268112182617	-0.19554562866687775	0.8691135048866272	-1.281751036643982	-1.2942017316818237	-3.346290111541748	-1.0317507982254028
-1.5557072162628174	0.9664629101753235	0.565527617931366	0.9936822652816772	-1.2353713512420654	-2.470069646835327	1.4560692310333252	0.2520211338996887	1.0981966257095337	1.049229621887207	1.947995901107788	0.8028900027275085	1.0712584257125854	-0.6951545476913452	-3.16284441947937	-5.170583724975586	-0.5317613482475281	-1.858235478401184	-0.662166178226471	-0.56852126121521
-2.871901035308838	3.4432332515716553	-1.2989203929901123	-3.827016830444336	0.13463766872882843	-2.0864338874816895	-4.113482475280762	-1.1119284629821777	-2.2708754539489746	0.20624428987503052	0.6457333564758301	2.150183916091919	0.07280424982309341	-6.768102645874023	1.4002279043197632	-2.5463523864746094	-1.2283779382705688	1.5372412204742432	-0.4362993836402893	1.502172589302063
-1.5244255065917969	5.226413726806641	-3.674377202987671	-5.108530044555664	-2.8138012886047363	-4.1921820640563965	-8.35807991027832	-3.0638225078582764	-7.722647190093994	-0.6606018543243408	-1.4441306591033936	2.6217727661132812	0.15533851087093353	-6.795470237731934	7.977058410644531	-3.0690672397613525	0.5010465383529663	0.1019255518913269	-0.8584714531898499	3.55173659324646
-0.07740849256515503	1.006016492843628	-2.953521728515625	-5.505421161651611	-0.08892996609210968	-5.261204242706299	-2.936399459838867	1.8131285905838013	-3.2181289196014404	-1.334793210029602	1.38079035282135	0.5944023728370667	-0.7945458292961121	-1.1450904607772827	-1.617496132850647	-4.89838171005249	-1.2727272510528564	5.096308708190918	1.512264609336853	2.3755993843078613
-3.7718348503112793	-0.025480028241872787	3.0398616790771484	1.2499027252197266	0.3947448432445526	-1.3394105434417725	-0.43566179275512695	0.07731808722019196	-0.09374859184026718	0.9020931124687195	0.5644472241401672	-0.7770628929138184	-1.8558510541915894	0.053420666605234146	-2.9448351860046387	4.580424785614014	2.504730701446533	2.373436689376831	1.6637660264968872	3.260488510131836
-0.3351743519306183	-3.7726573944091797	-0.5284291505813599	-6.649608135223389	0.5976085066795349	3.5823464393615723	3.3382153511047363	0.4819094240665436	-4.003068923950195	2.2491414546966553	2.0715816020965576	1.430119276046753	-2.517706871032715	1.2804642915725708	1.0362236499786377	1.8138049840927124	-0.50923091173172	-1.7398529052734375	1.1811641454696655	-1.229048728942871
-1.258039951324463	-2.7832348346710205	0.29544106125831604	-4.107336521148682	-2.0472986698150635	1.885714054107666	1.1950078010559082	3.62965989112854	-3.181126594543457	0.5449163913726807	1.7116247415542603	-0.48275211453437805	1.1027129888534546	1.90823233127594	0.8527127504348755	3.506195306777954	2.3388025760650635	0.6463567614555359	0.19660130143165588	0.3879298269748688
-3.253631591796875	3.2446744441986084	2.1054487228393555	3.221377372741699	0.9262078404426575	1.3207491636276245	-1.4971942901611328	3.090691089630127	-2.332514524459839	1.3605765104293823	-0.9301066994667053	-1.5595170259475708	-1.8256244659423828	3.607422113418579	1.8623336553573608	0.10237851738929749	-1.6571613550186157	-1.0618879795074463	0.9442310333251953	-2.1266543865203857
-0.6350446343421936	-2.30389666557312	-1.3097152709960938	4.514922142028809	3.1481235027313232	-2.619551658630371	1.9879070520401	-1.7806576490402222	0.37906864285469055	-4.324372291564941	-0.14824962615966797	-2.154883861541748	2.5615670680999756	-3.5574631690979004	2.526230573654175	-1.7830911874771118	-4.990607261657715	3.91971492767334	-0.7448676824569702	-2.1768507957458496
-1.0779329538345337	-1.9583245515823364	-1.484152913093567	4.895987033843994	4.378532886505127	-2.958202362060547	1.994061827659607	-2.5410447120666504	0.30358758568763733	-4.493037700653076	1.6357775926589966	-0.3042764663696289	2.2309939861297607	-2.019226551055908	4.249776363372803	-0.5827986598014832	-5.467549800872803	4.371453762054443	-0.9945611357688904	-2.6513383388519287
0.35923054814338684	-0.5596652030944824	-0.4051473140716553	-0.3781660497188568	2.4326870441436768	0.9303240776062012	1.2425849437713623	-0.7246138453483582	-0.1860283762216568	-1.6406329870224	-2.6633877754211426	0.8014904856681824	2.139465093612671	-0.37546974420547485	0.6456896662712097	-1.208073377609253	-3.2794923782348633	1.9133269786834717	-0.39492812752723694	-0.08583477884531021
4.161855697631836	2.1444664001464844	2.6506600379943848	-0.16572028398513794	0.3233840763568878	-2.0716440677642822	0.04054488241672516	1.2921727895736694	-2.9205589294433594	1.7080212831497192	2.607074022293091	-4.997649192810059	-0.8165327310562134	0.45291832089424133	-1.6116673946380615	3.0131185054779053	2.8381710052490234	-1.5313082933425903	1.0729676485061646	-0.7466626763343811
0.16046935319900513	-0.7550676465034485	-1.6241788864135742	-2.066983222961426	-4.499287128448486	1.8165541887283325	-2.2393369674682617	2.6461963653564453	2.05190110206604	-3.864375352859497	-1.8664988279342651	-1.7892866134643555	3.882992744445801	0.533781111240387	-0.6944563984870911	0.9300551414489746	2.3654825687408447	2.318504571914673	-1.6952229738235474	-1.5971852540969849
4.537551403045654	2.321685314178467	-2.0539186000823975	3.0076143741607666	-0.781618595123291	6.791440963745117	-1.1254856586456299	-3.857816219329834	-2.4507012367248535	3.055233955383301	-4.1855692863464355	-3.6464505195617676	-0.6722586750984192	-3.9074018001556396	-0.4233556389808655	0.4995351731777191	-0.7186069488525391	1.220281958580017	-1.1868877410888672	-2.3472232818603516
10.558731079101562	3.283576726913452	-3.3567845821380615	-2.0897018909454346	2.0563442707061768	4.34690523147583	-6.660655975341797	-5.3385009765625	-5.487469673156738	-1.6403021812438965	-5.452661037445068	-1.6053706407546997	-3.5514578819274902	5.73275899887085	3.799832582473755	3.6830387115478516	-0.3716372847557068	3.354241371154785	0.855619490146637	-4.366072177886963
2.649834156036377	-0.34306666254997253	4.252753734588623	-1.2483720779418945	-4.349197864532471	-0.7963748574256897	0.4349093437194824	3.1089556217193604	0.43456900119781494	-3.4759364128112793	4.671810626983643	0.23548126220703125	2.322962522506714	-1.142916202545166	-1.3954353332519531	2.5217487812042236	-0.4645155072212219	1.3014661073684692	-0.8227904438972473	-1.7407314777374268
3.008819103240967	-1.4162967205047607	3.5657176971435547	1.0934653282165527	-6.504070281982422	4.120903968811035	-0.36334457993507385	-1.6102360486984253	-7.178191661834717	-2.3819739818573	-0.5539093613624573	1.7870084047317505	-1.57826566696167	3.720607042312622	0.4604019224643707	1.696157455444336	2.8257434368133545	2.9946372509002686	3.518129348754883	-4.6515703201293945
-1.7090932130813599	1.094939112663269	1.7155557870864868	3.7465298175811768	-0.45385777950286865	0.06812764704227448	-1.9518325328826904	2.814333438873291	-0.5684164762496948	-1.625333547592163	-0.5859344005584717	0.3332228660583496	3.4543917179107666	0.45874151587486267	-0.9638099670410156	1.2005044221878052	1.2278382778167725	5.323368072509766	-0.25355958938598633	1.2998692989349365
-0.04312407225370407	-0.2226812094449997	-4.923256874084473	3.608198881149292	-2.257744550704956	-5.299938678741455	-5.008473873138428	3.57141375541687	-1.737178087234497	-1.6534943580627441	-9.294852256774902	2.1390864849090576	2.3500680923461914	3.3857080936431885	4.258650779724121	3.850688934326172	1.4024498462677002	-1.4498097896575928	6.808056354522705	0.18054915964603424
9.242874145507812	1.2678802013397217	-2.5287160873413086	1.1812623739242554	-2.6812825202941895	6.784467697143555	-5.948709487915039	4.874950885772705	-4.124270915985107	-1.635042428970337	0.5856820344924927	2.0377862453460693	0.9062648415565491	-2.683877944946289	4.1659088134765625	1.504178762435913	0.013954662717878819	0.6043692231178284	2.6541621685028076	-6.635210990905762
-4.158149719238281	0.9222071170806885	-5.621101379394531	2.11167311668396	-3.574622869491577	2.461451768875122	-1.8089070320129395	1.5136855840682983	2.9838452339172363	-0.7969897985458374	0.9075889587402344	1.081416130065918	3.0728628635406494	-2.165191650390625	0.5102614760398865	0.9100162386894226	2.909832239151001	3.9296858310699463	1.354797601699829	-3.925955295562744
1.0070204734802246	-4.296297073364258	-1.8591254949569702	-2.5392940044403076	-5.281278133392334	2.3563544750213623	-2.082298755645752	4.111972332000732	-1.5856173038482666	-2.9018330574035645	-4.394961833953857	-2.0713248252868652	3.2705512046813965	1.9956746101379395	0.4422501027584076	3.3340418338775635	5.169500350952148	1.8052228689193726	1.6436694860458374	0.6973762512207031
5.536225318908691	8.417329788208008	0.0654996931552887	1.0448824167251587	3.1286888122558594	5.72085428237915	-6.002463340759277	-3.2429611682891846	-1.2591062784194946	-0.5236034393310547	-2.749849319458008	-1.762199878692627	-5.637409210205078	-0.23694802820682526	0.4482137858867645	2.543896198272705	-2.7919318675994873	3.2743680477142334	0.8045637607574463	-4.471227169036865
7.285401344299316	3.486381769180298	0.32867029309272766	3.7891719341278076	-2.9114112854003906	3.027012348175049	-3.721449851989746	-3.176239490509033	-4.519559860229492	1.0692652463912964	-3.28055477142334	-6.436245441436768	-6.248225688934326	-0.9190528392791748	-0.45690616965293884	-1.5710575580596924	-0.4310969114303589	-3.1791224479675293	2.8579607009887695	-7.333957195281982
2.598249673843384	3.6754586696624756	1.78395676612854	1.0279781818389893	-0.427244633436203	5.8913373947143555	-3.2869510650634766	-5.468807220458984	-7.716643333435059	1.8252283334732056	-0.752923846244812	0.31138017773628235	-3.407130002975464	-0.16354355216026306	0.30582085251808167	-0.08256777375936508	5.16797399520874	1.6225379705429077	4.120970726013184	-6.424638748168945
-1.9310730695724487	2.520348072052002	1.8382930755615234	0.5607118010520935	-4.335130214691162	0.3688964247703552	0.7037216424942017	1.387015461921692	-6.641698360443115	2.1421589851379395	0.1597016155719757	-5.926580429077148	-6.856738090515137	2.037121295928955	2.3436503410339355	-1.3019497394561768	-2.9646894931793213	-2.31744384765625	1.253089427947998	-0.08041432499885559
0.9564976096153259	-1.6702104806900024	0.11754879355430603	1.3152379989624023	1.555751085281372	0.09625937789678574	-1.1272377967834473	-0.20884080231189728	-0.08769060671329498	1.1291805505752563	-1.2017639875411987	-4.592934608459473	-1.5349470376968384	-2.8399832248687744	-1.5992847681045532	-0.5314211249351501	0.44251295924186707	-3.021367073059082	0.795996367931366	-3.2145793437957764
4.632521629333496	1.89232337474823	-0.8489008545875549	2.7550082206726074	-0.20662052929401398	0.3940282166004181	3.3913021087646484	3.1687300205230713	-1.8164865970611572	3.5808379650115967	5.229684352874756	-3.2610344886779785	-1.025784969329834	4.530858039855957	-0.36610472202301025	3.8636581897735596	3.8420677185058594	-0.501814603805542	3.6859488487243652	-0.4910432994365692
2.1354384422302246	0.9122952222824097	4.6678619384765625	-1.026341199874878	-4.676008701324463	-0.2855648100376129	0.7060950398445129	-0.3508726954460144	-4.853675365447998	-2.440912961959839	1.4940239191055298	2.0467216968536377	1.0633188486099243	1.7337276935577393	-2.0613527297973633	0.3447684943675995	5.098898887634277	2.3774635791778564	4.114910125732422	-1.4622113704681396
-2.5002639293670654	0.7710238695144653	-1.2558448314666748	-1.0811771154403687	3.6092641353607178	0.977058470249176	0.34352201223373413	1.5182760953903198	1.6692774295806885	-1.8595302104949951	-0.9428723454475403	-2.4821887016296387	2.6473348140716553	3.268012285232544	-1.1445469856262207	-2.8721208572387695	-2.2735257148742676	3.8464860916137695	-2.3288862705230713	-2.7178235054016113
1.8366392850875854	-1.7112653255462646	0.6752424240112305	2.908257246017456	-2.8290610313415527	-1.0357378721237183	-0.46057483553886414	1.8665930032730103	-0.698415994644165	-3.658639669418335	-1.0974299907684326	0.4844903349876404	1.942977786064148	1.2071709632873535	-0.22500495612621307	-0.7122235298156738	1.8746627569198608	3.1738035678863525	2.8687937259674072	1.8027079105377197
4.705073356628418	0.8167697787284851	1.3523764610290527	1.8251110315322876	1.5926483869552612	-4.290495872497559	2.3711133003234863	2.0001282691955566	-4.827112197875977	4.168531894683838	4.141776084899902	1.0989702939987183	1.4991196393966675	0.8438935875892639	-1.6661078929901123	3.7426958084106445	-0.6244646310806274	2.6604084968566895	1.7769566774368286	3.7295522689819336
-0.2943117916584015	-3.473783254623413	-0.6326577663421631	-1.650838851928711	0.7433127164840698	0.6110564470291138	1.8322418928146362	-2.0652213096618652	4.201234340667725	-2.0422027111053467	-0.11636252701282501	-1.82145357131958	-1.3425859212875366	-2.348360061645508	-0.7323952913284302	0.46662241220474243	-1.019769310951233	-2.5801894664764404	-0.29565808176994324	-0.592887818813324
0.49349188804626465	6.2758588790893555	-0.3308682143688202	-1.136825680732727	1.9208282232284546	-2.2204270362854004	-0.6536019444465637	-7.813684940338135	8.283422470092773	-4.391181468963623	1.1304337978363037	-1.3580774068832397	-6.072300434112549	-0.3353177607059479	0.5265322923660278	2.6353068351745605	0.057929594069719315	-3.929980516433716	2.9831643104553223	-2.560929298400879
-1.9969894886016846	1.203403115272522	-0.5160596370697021	2.086833953857422	4.512803554534912	-2.6175622940063477	-0.9628520607948303	-5.358009338378906	3.9782793521881104	-0.9627273082733154	-2.229050397872925	0.7144353985786438	1.0023255348205566	-0.7984340786933899	-0.5417256951332092	3.077970504760742	0.21763396263122559	-0.9559950232505798	-0.4260510504245758	-2.745555877685547
2.4669785499572754	-0.7570096850395203	0.8264340758323669	0.45652249455451965	-4.092736721038818	0.7143897414207458	-1.5960091352462769	-5.823574542999268	3.481923818588257	-5.141308784484863	0.9094470739364624	6.1793951988220215	-2.384847640991211	-0.8305179476737976	-1.8817967176437378	-6.456371307373047	-1.0170210599899292	0.007666249293833971	0.7253257036209106	-1.402646780014038
-1.7480441331863403	0.4149743616580963	-0.035307541489601135	2.7812747955322266	-1.7035578489303589	-0.7278318405151367	-1.5027146339416504	-4.091696739196777	5.389540195465088	-2.1636664867401123	-0.04872781038284302	8.524203300476074	-0.6447203159332275	3.1092605590820312	-1.3548399209976196	-5.960272312164307	0.940972089767456	-2.933283805847168	2.740532398223877	-0.37874558568000793
0.24217931926250458	-1.035001277923584	1.4655077457427979	3.513930320739746	-2.8807599544525146	-2.2571802139282227	-2.5279030799865723	-4.513370037078857	3.344477653503418	-2.802922487258911	0.8119767308235168	6.823049545288086	1.0288695096969604	2.7124922275543213	-1.6862894296646118	-5.472455978393555	2.304089069366455	-2.930907964706421	1.1622204780578613	-2.7992310523986816
0.04795718565583229	1.395768404006958	2.0434415340423584	-1.6016662120819092	1.090484857559204	-0.3126296401023865	1.3494987487792969	1.0794585943222046	3.8319475650787354	-0.9213025569915771	0.1470973640680313	0.9787110686302185	1.908753752708435	1.7441027164459229	-2.2854485511779785	1.511775255203247	-3.136859655380249	-0.7604550719261169	-2.030484199523926	-0.24100951850414276
-2.7027947902679443	2.83601713180542	-5.506287097930908	-3.0361814498901367	1.9178812503814697	-2.512101650238037	-6.011046886444092	-1.0067739486694336	-2.2857272624969482	2.2612152099609375	1.4701341390609741	2.2323241233825684	1.599185585975647	-6.644156455993652	3.3164570331573486	-3.7548177242279053	4.024174213409424	-0.8519245386123657	0.7645959258079529	0.9626197218894958
-3.9263572692871094	3.232684850692749	1.7318109273910522	-3.2109532356262207	0.758188009262085	-0.33023545145988464	-2.0679996013641357	0.618337094783783	-0.8037640452384949	-0.2578792870044708	1.2479079961776733	2.4269251823425293	1.4550095796585083	-7.907112121582031	-0.7366198897361755	-2.4833483695983887	-3.59059739112854	2.0449461936950684	-0.9378436207771301	0.0806618183851242
1.9810388088226318	2.951099395751953	-2.1523425579071045	-4.8886494636535645	-2.2096147537231445	-3.6600117683410645	-1.6417949199676514	2.7132644653320312	1.6457947492599487	-2.1900877952575684	5.734811782836914	3.560594081878662	3.2149336338043213	3.550417184829712	2.905236005783081	0.8588644862174988	1.3722058534622192	0.18050076067447662	-1.5984712839126587	2.5099735260009766
-3.1803553104400635	3.936885118484497	-2.41786789894104	0.8368781208992004	4.0793538093566895	2.8363358974456787	2.6646337509155273	-4.5754194259643555	-1.0076801776885986	6.275807857513428	-3.339719772338867	2.3523192405700684	-3.3691797256469727	1.2433873414993286	0.81777423620224	-0.6479631662368774	-6.070738315582275	-2.3931357860565186	0.38207340240478516	-0.8948071002960205
1.5799163579940796	-5.3391523361206055	-1.4995496273040771	-2.4926321506500244	-4.960759162902832	0.7849389314651489	-0.18348315358161926	3.199094295501709	-1.5152063369750977	-6.837509632110596	-3.506784439086914	-2.8432857990264893	3.5563528537750244	1.2448692321777344	1.0190775394439697	-1.3433281183242798	1.6305108070373535	3.71584415435791	1.0402092933654785	-0.4180271327495575
-4.391848564147949	0.1766267716884613	0.7746318578720093	0.8720105290412903	0.7070934176445007	0.8708875775337219	-0.9020476937294006	-0.5699716210365295	3.564636707305908	-2.5310723781585693	1.2018886804580688	0.8964529633522034	5.325734615325928	-1.7612097263336182	-1.553766131401062	-1.338539481163025	0.2969851493835449	3.426921844482422	-4.23917818069458	-2.3972930908203125
1.7838174104690552	2.457244873046875	-2.4514541625976562	-4.766864776611328	-1.8921738862991333	-2.2829933166503906	-0.9011503458023071	2.492460250854492	2.954796314239502	-1.8583550453186035	4.255616188049316	2.1763687133789062	4.179470062255859	2.650162935256958	1.844079852104187	2.6764731407165527	1.485740303993225	0.0761345624923706	-2.684420108795166	1.993739128112793
0.3331412971019745	-0.09195256978273392	-1.4965945482254028	0.35995593667030334	5.892910480499268	2.596733331680298	2.1088736057281494	-6.159265518188477	-1.5773221254348755	0.9549403786659241	-3.194859266281128	4.0283331871032715	1.2348332405090332	-1.730962872505188	-2.3451783657073975	0.8163029551506042	-2.566067934036255	4.589043140411377	2.0568032264709473	-5.6514201164245605
-1.4650684595108032	-3.1869828701019287	-1.3034954071044922	-2.8328793048858643	-5.354615211486816	6.92260217666626	-4.67596435546875	8.56550121307373	-1.7579869031906128	-3.8063669204711914	-1.4130321741104126	2.8896079063415527	-1.43748939037323	-0.3809248208999634	-0.7996155619621277	2.6463520526885986	2.11498761177063	5.036739826202393	4.774068832397461	-2.5593044757843018
6.737881183624268	-0.1741386353969574	1.293864369392395	1.7727258205413818	-2.403329610824585	6.821350574493408	-5.553890228271484	-4.446348190307617	-4.159487724304199	2.790090560913086	-4.0609869956970215	-4.431508541107178	-2.942284345626831	-4.928417682647705	-1.476500391960144	3.115278482437134	-0.5852288007736206	0.07329476624727249	-4.33460807800293	-1.6681002378463745
0.6599791049957275	-3.8050801753997803	4.4654717445373535	1.8146061897277832	1.4356956481933594	-2.6987454891204834	0.4469846487045288	0.46545159816741943	-5.334641456604004	-3.238502264022827	3.1141433715820312	0.9993739724159241	-2.05057954788208	0.407441109418869	2.4728918075561523	2.6985785961151123	-3.2802045345306396	3.2572805881500244	2.075364589691162	-0.9820660352706909
5.019511699676514	-5.879992485046387	1.7328884601593018	1.5426971912384033	3.4430172443389893	1.3937538862228394	-0.5176056027412415	-2.387561321258545	-3.380458354949951	-0.5617430806159973	2.5281410217285156	-2.956406831741333	-2.8465774059295654	-2.1956186294555664	1.61565363407135	1.8939073085784912	1.3895504474639893	1.03326416015625	-0.6214382648468018	3.761221408843994
0.5721166729927063	0.1823769360780716	-1.2563413381576538	7.170961380004883	-3.961000442504883	3.0987038612365723	-6.396359920501709	3.546285629272461	-0.393748015165329	1.376017451286316	0.7542892694473267	0.9565107226371765	-2.0652456283569336	2.939321517944336	-1.6443425416946411	-1.0218693017959595	2.0420989990234375	4.311624526977539	-0.9863937497138977	2.581212043762207
2.609137535095215	-7.227458477020264	-2.1791341304779053	-3.8050596714019775	0.6429939270019531	-0.5460976362228394	-8.066758155822754	1.8133851289749146	1.1912535429000854	-5.358942031860352	-0.321672648191452	-1.727148413658142	2.7824649810791016	0.6891892552375793	-0.6264595985412598	-5.219878196716309	2.0256853103637695	-2.7625513076782227	-5.461461067199707	-6.855248928070068
-5.312596797943115	-5.766024112701416	-3.776951551437378	0.6579159498214722	-4.828983306884766	2.0283193588256836	-5.791438579559326	4.481481552124023	0.3037199378013611	-0.4038325846195221	-4.736192226409912	2.513744831085205	1.4607399702072144	2.821685791015625	2.182037115097046	3.475656509399414	-4.78192138671875	1.7619662284851074	-4.429778099060059	-1.0687569379806519
-3.458622694015503	-2.0813686847686768	3.8818228244781494	-0.27497681975364685	-2.4414093494415283	-3.7315359115600586	0.9855780601501465	2.8084163665771484	-4.60030460357666	-0.9339584708213806	0.9908128976821899	0.05508236959576607	-1.090067744255066	4.287069320678711	1.7173316478729248	-0.3393961191177368	-1.6777985095977783	-0.6362276673316956	0.29087749123573303	2.7966973781585693
0.19882845878601074	-1.9141401052474976	-2.2764718532562256	-5.336339473724365	0.8639388680458069	-5.569841384887695	-1.7829258441925049	3.581000328063965	-2.3917949199676514	-1.4235913753509521	3.3600480556488037	-0.9663803577423096	-2.7146267890930176	3.6291205883026123	-3.1721293926239014	-0.800525963306427	-0.7141939997673035	6.7006306648254395	2.080172300338745	2.3270976543426514
-1.819214940071106	-2.3883068561553955	-3.546238660812378	-3.8185787200927734	2.166142702102661	-4.920576095581055	-0.6378723978996277	3.6178367137908936	-2.354093074798584	0.722551703453064	0.48672088980674744	-0.05126139149069786	0.7153286337852478	7.7921366691589355	-4.078484058380127	-3.232377767562866	-0.3260267376899719	4.680691242218018	1.5261250734329224	-0.7113751173019409
2.2849678993225098	-3.7642314434051514	-1.0696818828582764	0.10721167922019958	-2.817042589187622	0.4932059943675995	-1.931196928024292	0.37702319025993347	2.1582682132720947	-7.057185173034668	-0.9648323655128479	-2.626194953918457	0.6670577526092529	-0.20409135520458221	0.3101136386394501	-4.42205810546875	-0.9131929278373718	1.48371422290802	-1.0645678043365479	-2.763529062271118
-0.5294491648674011	1.8363609313964844	1.8727259635925293	-1.6366567611694336	3.6864566802978516	0.33324405550956726	1.5774116516113281	-4.074277877807617	4.286780834197998	-2.8038651943206787	0.2548617124557495	0.8677419424057007	-0.018909789621829987	-1.429918646812439	-0.8570758700370789	-1.5571653842926025	-2.5501391887664795	-0.3794558048248291	-1.1521036624908447	0.0632471963763237
3.4155023097991943	-6.402437686920166	-2.2391602993011475	-5.9051947593688965	-5.755390644073486	4.023140907287598	-2.245896100997925	0.22352461516857147	0.13225533068180084	-0.28485244512557983	-0.3846126198768616	2.096609354019165	-2.1533539295196533	1.7438297271728516	-1.4229950904846191	-0.510777473449707	2.6451416015625	-4.210796356201172	-0.17979063093662262	-2.1934430599212646
0.5889807343482971	-4.547732353210449	-0.4201652705669403	-7.516509532928467	-0.4148021340370178	2.462228298187256	3.208867311477661	1.8387349843978882	-5.181744575500488	2.132185459136963	3.3994483947753906	0.6575780510902405	-3.3966293334960938	1.831148624420166	1.3153904676437378	2.8615705966949463	0.8370903730392456	-1.9356242418289185	2.225935220718384	-0.0650598481297493
2.5412135124206543	4.062838554382324	4.031958103179932	1.1492152214050293	-0.5104873776435852	1.6535897254943848	-1.0643374919891357	-0.7697364687919617	-6.929593563079834	2.264753818511963	-1.9599850177764893	-5.339165210723877	-5.829481601715088	7.249625205993652	2.341423749923706	-2.511187791824341	1.2211487293243408	-4.326070785522461	0.9349559545516968	2.197042942047119
0.9361241459846497	4.241584300994873	-3.7973098754882812	-2.6772780418395996	-4.525352478027344	0.7859644889831543	0.4043251872062683	1.2085626125335693	4.720265865325928	-0.8735834956169128	1.2123700380325317	-0.7701449990272522	4.967726707458496	-1.220120906829834	1.3592170476913452	0.5652205944061279	0.48708319664001465	-1.3069863319396973	-4.172789573669434	1.5872657299041748
0.4899744689464569	1.2055513858795166	-1.9330366849899292	-5.504659175872803	-3.484903335571289	-2.047783851623535	1.3663758039474487	0.7491930723190308	0.9335461854934692	-1.5980406999588013	1.0149821043014526	-0.3092230558395386	6.575099945068359	-2.0299558639526367	0.3756157457828522	1.6182082891464233	0.6884534358978271	-1.4754328727722168	-2.26832914352417	-3.69008469581604
-1.9941151142120361	0.7429983615875244	0.2093045860528946	-0.08702057600021362	-3.3949127197265625	-1.453033447265625	1.870510458946228	-0.7224777340888977	-4.245975971221924	1.1655775308609009	-0.3160284459590912	-7.319942951202393	-6.141236305236816	1.259871244430542	-0.1525687575340271	-1.9287971258163452	-0.3722863495349884	-0.8492020964622498	1.6908373832702637	1.4078917503356934
-0.4462584853172302	-0.7058385610580444	-2.688415765762329	6.590839862823486	-1.0538768768310547	1.4568663835525513	-3.1587133407592773	3.851738691329956	3.504697799682617	3.0860071182250977	-1.2525635957717896	2.933577060699463	1.5432981252670288	1.292786717414856	-2.7840819358825684	1.3508319854736328	0.1917630136013031	3.243100643157959	0.4844214618206024	4.938175201416016
0.5981473326683044	0.4753808379173279	3.623544692993164	0.2815924286842346	-1.6486995220184326	0.4987723231315613	3.9389262199401855	2.9005284309387207	-1.484700322151184	-1.787216305732727	4.744531154632568	3.0297560691833496	1.4297477006912231	4.11559534072876	1.4169011116027832	2.15750789642334	-0.6828525066375732	0.7866353392601013	2.961726427078247	-2.185378313064575
3.2797887325286865	1.4880350828170776	0.6841609477996826	0.8748753070831299	-1.493553876876831	-0.2510451078414917	4.533878803253174	5.091991901397705	-0.6039538383483887	2.4308407306671143	5.724849700927734	-1.129348635673523	0.0422050766646862	3.168260097503662	-1.3594130277633667	3.6827852725982666	3.583928346633911	-0.26886624097824097	4.752985000610352	2.3756914138793945
3.2079756259918213	-4.1672492027282715	0.7151703834533691	1.4067363739013672	3.4100518226623535	-4.872983455657959	0.5091481804847717	1.3450779914855957	-1.5883475542068481	0.7089423537254333	3.728909969329834	-0.07256527245044708	0.18895550072193146	-0.478343665599823	-1.9484328031539917	4.06996488571167	-3.637200355529785	2.931299924850464	-0.7850143313407898	0.12795773148536682
1.8211113214492798	-0.6356882452964783	-0.9131803512573242	-4.134302139282227	0.16250401735305786	-3.9753358364105225	-1.5949219465255737	4.128891468048096	-0.036720406264066696	-2.0364208221435547	6.3802385330200195	4.554128646850586	1.5065027475357056	6.631022930145264	3.055175542831421	3.0784122943878174	1.9194822311401367	1.3871206045150757	-0.22448624670505524	4.80104923248291
4.6520795822143555	4.842513561248779	-0.054073408246040344	3.6833138465881348	2.9987220764160156	-0.7797048687934875	0.17311526834964752	1.4374204874038696	-2.496649742126465	-3.128892183303833	4.032679557800293	-1.1301426887512207	-0.6041370630264282	-3.4256021976470947	5.736865520477295	1.264292597770691	0.09490352869033813	1.9546664953231812	5.9344282150268555	-0.610553503036499
-6.863241672515869	-5.215163707733154	-2.6843132972717285	-0.2523702085018158	2.1881258487701416	3.041740894317627	-1.5480124950408936	5.330820560455322	-5.517005920410156	3.9447405338287354	2.7181084156036377	0.777733564376831	2.3823678493499756	1.533764123916626	3.883413076400757	-0.33111321926116943	5.287312984466553	0.5217822790145874	-0.6374053359031677	1.5274994373321533
0.07853206247091293	-2.7784268856048584	-0.4031330347061157	-0.541867733001709	0.9033645391464233	1.821211814880371	2.0144503116607666	-3.154324769973755	0.1642262041568756	-2.761812210083008	0.020603561773896217	-0.21843890845775604	-1.2017375230789185	-1.7021465301513672	2.8611550331115723	-1.6387228965759277	-0.4921427369117737	-0.10673131048679352	-0.45880067348480225	3.4658634662628174
0.9594890475273132	-4.8869476318359375	-0.7207949757575989	4.25404691696167	-5.5046892166137695	-3.320429801940918	0.657020092010498	4.526566505432129	-4.683477878570557	-2.9759397506713867	3.8586745262145996	0.374277800321579	3.9544525146484375	-0.1946457326412201	2.5743045806884766	-0.767516553401947	3.622279405593872	3.6920101642608643	3.6255388259887695	0.36735716462135315
0.3172225058078766	-1.8150677680969238	0.6603745222091675	-3.2198054790496826	3.791088342666626	-1.720710039138794	-7.626949787139893	4.46137809753418	2.314403772354126	-5.06257963180542	0.5049052238464355	-0.9710513353347778	0.9600992202758789	0.1910979151725769	-0.22051165997982025	-2.622873544692993	-2.3074116706848145	-0.8185423016548157	-3.5158865451812744	-4.421335220336914
1.6565791368484497	-2.921241044998169	-1.7092288732528687	-1.3889498710632324	2.3435921669006348	-0.6347170472145081	-5.165783882141113	5.086849212646484	5.112455368041992	-2.884934663772583	0.9477157592773438	-2.3180947303771973	-0.08996651321649551	-0.38718438148498535	-0.7985526919364929	-3.264521837234497	-2.9335694313049316	-3.1154685020446777	-3.2128641605377197	-2.209916353225708
3.4628560543060303	3.5175766944885254	4.467799663543701	0.8523106575012207	0.997051477432251	0.7371995449066162	-3.5199124813079834	1.0721689462661743	1.5620816946029663	-2.147306203842163	3.021003007888794	-2.83697509765625	-0.32740122079849243	-1.5505825281143188	-0.7926811575889587	-4.629327774047852	1.3788294792175293	-3.2293598651885986	-1.6984671354293823	-0.4901116192340851
-0.3432326316833496	6.6493330001831055	-1.8383989334106445	-0.4343726933002472	-3.3741981983184814	-0.913583517074585	-0.32134634256362915	-0.7139392495155334	5.547997951507568	0.9866001605987549	1.3045616149902344	-1.7823044061660767	3.4102673530578613	-1.268413782119751	-0.736547589302063	-1.2312008142471313	1.688037633895874	-3.019047737121582	-3.1981964111328125	1.8513613939285278
-2.1129207611083984	-1.959212064743042	-2.307863235473633	-3.257286310195923	2.2265772819519043	-3.625732421875	0.8986899852752686	2.087167501449585	0.7438351511955261	1.0127179622650146	2.8846936225891113	0.4646042287349701	0.48897555470466614	6.713184356689453	-4.923376083374023	-3.229522466659546	0.010820522904396057	3.161512613296509	0.41735661029815674	-0.8153700232505798
-1.1076871156692505	-2.283493995666504	2.816044330596924	0.3355690538883209	-3.9257025718688965	4.661787986755371	3.218561887741089	0.3870651423931122	-4.961567401885986	-2.3497114181518555	-0.31690964102745056	4.753530979156494	0.416644424200058	3.531017541885376	1.3960461616516113	4.351193904876709	1.4637953042984009	6.145818710327148	4.918572902679443	0.6776463985443115
0.8118801116943359	0.6250184178352356	1.7727800607681274	-1.094296932220459	5.571224689483643	-0.25300702452659607	0.10152585059404373	-4.359604358673096	4.530380725860596	-0.3305858075618744	-2.6911261081695557	1.231364369392395	3.8052470684051514	0.6030776500701904	-1.9720299243927002	-0.9736413359642029	4.949282646179199	-3.1849918365478516	-0.21309781074523926	4.195189952850342
3.0391030311584473	-2.5101571083068848	3.5830862522125244	-0.7079234719276428	4.998958587646484	-3.0643742084503174	1.0455410480499268	-2.356165885925293	-0.016896648332476616	-1.738453984260559	1.4627058506011963	0.3822760283946991	4.6235737800598145	-0.7323557138442993	0.44201692938804626	-0.5754744410514832	3.079331874847412	-1.417716383934021	-1.3447145223617554	5.048606872558594
-1.7716232538223267	-0.6473070383071899	2.6184003353118896	-2.0519282817840576	-1.314463496208191	-1.5390793085098267	-1.4123765230178833	-5.0941314697265625	1.5036699771881104	1.681694507598877	-0.04575682803988457	3.687516212463379	0.6834701299667358	-0.027674779295921326	-5.852157115936279	-2.569330930709839	-1.5414365530014038	-0.536262571811676	-5.729450702667236	0.6448475122451782
-1.2430131435394287	-2.2774786949157715	1.35525381565094	5.233260631561279	2.7050089836120605	-1.5502066612243652	3.270719289779663	-3.6443824768066406	0.5750427842140198	-4.179193019866943	3.2289326190948486	-0.6905370950698853	-0.5142279267311096	-2.6087872982025146	3.7915515899658203	-1.0760374069213867	-4.604158878326416	1.6233556270599365	-0.5368238091468811	-1.5208349227905273
3.7626779079437256	1.0314949750900269	-5.168225288391113	1.3127946853637695	6.378875732421875	1.268027901649475	-2.545356035232544	1.1412497758865356	1.9634006023406982	2.5587007999420166	2.576957941055298	4.860936164855957	0.8483651876449585	-3.175501823425293	0.5834622979164124	-2.226146936416626	1.762589693069458	-0.989820122718811	3.79136323928833	-0.6179825663566589
1.5535411834716797	1.352041244506836	5.1111674308776855	-0.48367080092430115	-3.3749730587005615	-0.5061219334602356	0.2983900308609009	0.9591947197914124	-5.695662498474121	-2.915332794189453	-0.6517046093940735	-2.387544631958008	-2.2733042240142822	0.553434431552887	-0.7137287259101868	-3.4037163257598877	-0.6113991737365723	0.5093391537666321	3.61476731300354	-2.2646501064300537
2.240798234939575	1.2571625709533691	5.095607280731201	1.3494789600372314	-0.7074383497238159	-0.1862158477306366	4.721872806549072	4.426440238952637	-0.7887639999389648	-2.548964738845825	4.080860137939453	1.657618761062622	1.0846078395843506	4.315584659576416	-0.24617554247379303	1.7934061288833618	-1.6928601264953613	1.1122775077819824	4.380585670471191	-1.684108853340149
3.955371618270874	-2.1679623126983643	2.312647581100464	1.7832423448562622	3.206146001815796	0.009101531468331814	1.6498240232467651	-0.09857578575611115	-1.5151795148849487	1.1140577793121338	4.462947845458984	2.0003647804260254	4.684663772583008	-0.5653604865074158	0.20674099028110504	-3.8119678497314453	-2.8129687309265137	0.307132363319397	-4.615766525268555	1.6709303855895996
4.975191116333008	-4.404443264007568	4.05767297744751	2.994699001312256	5.135153770446777	-3.138949155807495	-1.4683414697647095	2.3814964294433594	-2.9360625743865967	2.9489357471466064	5.842126369476318	4.534647464752197	-1.3808119297027588	-0.6515998244285583	-2.346073627471924	1.2109078168869019	-2.798621416091919	0.5946959257125854	1.0055924654006958	3.3062357902526855
1.8194513320922852	-3.340625047683716	6.417835712432861	-0.5992423295974731	1.1267668008804321	-3.0954511165618896	-3.638498067855835	7.082603931427002	-6.647014617919922	1.2084609270095825	0.7863702178001404	0.10736901313066483	-1.9393154382705688	0.20885856449604034	-1.2876498699188232	0.8347231149673462	-1.230407476425171	-1.757587194442749	2.076587200164795	3.6676039695739746
0.014298457652330399	0.460632860660553	3.4027891159057617	-0.4414244294166565	0.7556048035621643	1.3147841691970825	-1.5116504430770874	-3.562751531600952	-8.169981956481934	-2.282804250717163	-2.329310894012451	1.5097204446792603	-0.29632139205932617	1.7763020992279053	-0.3891860544681549	-0.7890960574150085	6.787783622741699	3.7602553367614746	6.6429667472839355	-4.772523880004883
-2.065847873687744	-3.4096689224243164	-0.48027607798576355	-5.713640213012695	-1.174487829208374	1.7662959098815918	3.3438494205474854	1.0221242904663086	-2.552760601043701	1.351046085357666	3.5354294776916504	3.9810190200805664	-3.9059858322143555	0.6611115336418152	2.055166721343994	-1.3151514530181885	-1.6788266897201538	-3.279740571975708	2.8524534702301025	0.8199140429496765
5.7278947830200195	2.4541163444519043	3.860750913619995	2.9457287788391113	-3.8393239974975586	-0.8380876779556274	-5.83209753036499	-3.968062400817871	-9.187969207763672	3.62992000579834	0.11642111092805862	-6.909698963165283	-8.650236129760742	1.2772603034973145	-0.10093685239553452	4.292632579803467	0.39057692885398865	-3.2079484462738037	0.19084234535694122	-5.879486560821533
1.4920393228530884	3.006943941116333	1.255319595336914	3.119464159011841	-3.058959484100342	-1.0892055034637451	0.19575409591197968	-2.013984203338623	1.075373649597168	3.3488266468048096	-1.1380919218063354	5.268027305603027	0.1741994470357895	2.3760502338409424	2.1352360248565674	3.5026822090148926	-0.5146594643592834	-5.718545436859131	0.5465264916419983	5.659672260284424
2.6510448455810547	1.5518156290054321	3.5651259422302246	1.4374641180038452	-3.642937660217285	1.8228535652160645	0.8137735724449158	-5.084400177001953	-1.2370554208755493	-0.6202479600906372	0.4659760296344757	1.575832724571228	-2.2579638957977295	1.0557620525360107	-1.009577989578247	-2.4179983139038086	2.0894954204559326	-2.3171169757843018	3.049093723297119	-1.8423151969909668
-3.810661792755127	2.5166521072387695	2.1922976970672607	-2.638631582260132	1.104051113128662	0.9620782136917114	-0.8481049537658691	0.7998274564743042	0.6578021049499512	0.25661489367485046	2.603343963623047	2.6403310298919678	1.0689080953598022	-7.677114963531494	-1.5934123992919922	-3.0388238430023193	-3.568962335586548	1.233333706855774	-1.0036859512329102	0.10422490537166595
-0.9927404522895813	1.4543781280517578	0.05536149442195892	0.13078723847866058	-0.6778998970985413	-1.2668405771255493	0.051349788904190063	-1.9845949411392212	2.764043092727661	-1.9131371974945068	1.5147427320480347	4.062190055847168	2.1200642585754395	-1.924872636795044	-1.8124520778656006	-6.434023857116699	-3.3271596431732178	0.9011198878288269	-1.6851801872253418	-1.1005457639694214
-0.16658534109592438	-2.952951192855835	1.575386643409729	4.684983730316162	2.1167311668395996	-0.588285505771637	2.4818787574768066	-1.2614555358886719	-0.7868584990501404	-3.2689647674560547	5.194732189178467	-3.3439512252807617	0.3242816925048828	-5.977822303771973	3.925569534301758	0.9215151071548462	0.10745199769735336	1.5878632068634033	0.2797646224498749	0.21713994443416595
1.4624009132385254	-2.9575560092926025	1.37710702419281	4.0990309715271	-5.603293418884277	1.2937889099121094	0.5551711916923523	-3.910663604736328	1.0964243412017822	-3.637131690979004	1.239639163017273	6.658280849456787	-0.44423678517341614	1.1003726720809937	-1.046366810798645	-4.0968122482299805	-0.7962101101875305	1.8019181489944458	1.1105074882507324	-0.41104328632354736
11.241861343383789	2.8068244457244873	-3.349546432495117	-0.34295889735221863	-0.44291529059410095	-0.15877850353717804	-3.2070538997650146	-0.5421039462089539	-0.6718830466270447	0.37881726026535034	-0.7848944664001465	-4.8710479736328125	-6.184396743774414	7.561941623687744	1.686741828918457	3.6262454986572266	-4.342350959777832	-1.4058430194854736	-0.16895753145217896	-1.154862880706787
-2.8824262619018555	1.7430081367492676	-6.0582051277160645	-1.8888031244277954	1.3213183879852295	2.9416282176971436	1.8028919696807861	-2.21658992767334	4.381497383117676	-2.1151106357574463	0.5149465203285217	0.7596180438995361	0.12822610139846802	3.135721445083618	3.725649118423462	-3.864778518676758	3.782255172729492	0.13790492713451385	2.788219690322876	2.1336100101470947
-1.0083571672439575	3.5861079692840576	-2.0128941535949707	-2.870715618133545	1.4723310470581055	2.029036283493042	1.2789971828460693	0.07107743620872498	1.7460530996322632	0.7306721806526184	5.229263782501221	0.5659030675888062	-0.8357294201850891	2.7853071689605713	-1.1286205053329468	-2.7965080738067627	0.035242993384599686	3.413640260696411	-0.849682629108429	0.6465128660202026
-3.98353910446167	2.205023765563965	2.736787796020508	0.4436739981174469	1.0825304985046387	0.26024356484413147	-0.36443930864334106	6.636449337005615	-2.327054262161255	0.8709285855293274	1.2523670196533203	0.16027657687664032	-3.6509294509887695	2.735804557800293	2.0868489742279053	-0.9641438126564026	-2.7692675590515137	-1.2277456521987915	3.192291498184204	3.5691003799438477
-0.7269175052642822	0.7909757494926453	0.26335957646369934	3.160001516342163	-0.8396491408348083	-0.5445918440818787	2.0030746459960938	-3.9024438858032227	3.831982135772705	-2.4859354496002197	2.285327911376953	4.170816421508789	2.4104926586151123	-0.616441547870636	-0.8632796406745911	-5.52050256729126	-3.7944958209991455	1.4816269874572754	-2.3560633659362793	-1.1589162349700928
0.22164440155029297	-4.4492902755737305	-2.708838701248169	5.326059341430664	2.713778495788574	-2.607966899871826	2.288463830947876	-4.261524677276611	1.7094053030014038	-3.7637321949005127	2.3124454021453857	-1.2791361808776855	1.9979958534240723	-0.9943777322769165	4.636712074279785	-0.9764949679374695	-2.72792649269104	2.3875653743743896	-2.4943065643310547	0.7523549795150757
1.7771538496017456	-0.4030527174472809	1.629634141921997	3.031942367553711	2.218076229095459	1.6746288537979126	0.40958350896835327	-1.3182320594787598	1.6803916692733765	-1.762433648109436	1.2226030826568604	2.6175365447998047	3.8372809886932373	0.7528766393661499	-0.05322263017296791	-6.255888938903809	-3.289423704147339	0.3735992908477783	-3.955521821975708	-0.9379761815071106
2.689117670059204	2.112600803375244	-2.961116313934326	7.653860092163086	-0.6157619953155518	-4.45180606842041	-4.512578964233398	-7.602605819702148	1.5681284666061401	-2.4045827388763428	1.1217325925827026	-3.2600162029266357	-0.4507870376110077	0.8990952968597412	1.28865385055542	-2.4083073139190674	-1.9521126747131348	2.4179649353027344	-5.246982097625732	-4.090047836303711
3.9067320823669434	0.26225531101226807	0.9417550563812256	12.944504737854004	-4.1088547706604	-7.4415130615234375	-7.524058818817139	-5.458044528961182	0.6618077754974365	-1.5195425748825073	-2.476118803024292	-6.649351119995117	-1.1588822603225708	4.863801002502441	-1.302634358406067	-3.6481215953826904	-0.12815523147583008	-0.6012617945671082	-6.055078506469727	1.6758092641830444
0.7972816824913025	0.8169301748275757	2.2850182056427	-0.1806894838809967	5.804171085357666	-0.272682249546051	0.9950153231620789	-3.9827117919921875	4.060155391693115	-0.5906670689582825	-2.898120880126953	1.3111668825149536	4.600513935089111	0.29360848665237427	-1.5487066507339478	-0.8241528868675232	3.3210504055023193	-2.4277420043945312	-0.33107990026474	3.9023470878601074
-2.532585382461548	1.855743169784546	0.742691159248352	0.046938054263591766	4.229145050048828	2.2467241287231445	0.08550166338682175	-1.2334622144699097	0.8640157580375671	2.8428547382354736	-0.7810429334640503	7.413655757904053	-0.8381406664848328	-1.054004192352295	2.0817060470581055	1.771599531173706	-4.907312870025635	-4.774894714355469	0.7575645446777344	-2.537397861480713
6.932302474975586	-0.738519012928009	2.3559231758117676	2.0506484508514404	-7.038697719573975	1.7134867906570435	-3.2576301097869873	-1.2159868478775024	2.296215772628784	-3.2389700412750244	2.0800740718841553	4.216780185699463	-1.0447102785110474	-1.031176209449768	-3.827399253845215	-1.9037691354751587	3.212301254272461	0.11639132350683212	2.00856614112854	0.4918286204338074
4.615142345428467	0.3579193353652954	2.340571641921997	1.8148341178894043	-6.8069257736206055	2.3996987342834473	1.9673060178756714	-4.303584575653076	1.6541671752929688	-3.9283385276794434	1.2814608812332153	2.6076083183288574	-1.0850788354873657	0.58010333776474	-1.448177695274353	-4.917652130126953	0.02946011908352375	-0.8527635931968689	1.4160674810409546	-1.1268445253372192
3.417360305786133	1.3028895854949951	3.6628191471099854	2.284172296524048	-4.64398717880249	0.5367440581321716	1.2203178405761719	-2.2980282306671143	-0.03481176495552063	1.928909420967102	-3.178943634033203	3.9324445724487305	0.4236755967140198	3.086066722869873	1.8790444135665894	5.9076828956604	-2.6802704334259033	-6.312313079833984	-0.6068425178527832	3.072108268737793
-7.419197082519531	2.5202744007110596	-5.56571626663208	3.468268394470215	-5.782418727874756	3.155095338821411	0.9876078367233276	1.2942249774932861	3.130274534225464	-1.4035975933074951	-0.7665112614631653	2.9246327877044678	1.0262737274169922	2.4660439491271973	1.5101205110549927	-0.1818201094865799	3.486967086791992	2.362208843231201	5.805192947387695	-3.8173465728759766
-0.36534976959228516	1.8018075227737427	3.552513837814331	-0.6241803169250488	2.948225736618042	-0.42833057045936584	0.7499035596847534	-2.054795742034912	3.023878574371338	-0.31435465812683105	-0.5016509890556335	1.9291900396347046	4.842225074768066	1.691786766052246	-2.043023109436035	-1.920839548110962	4.22927188873291	-2.332096576690674	-0.4674360454082489	3.153211832046509
1.9008903503417969	0.7301896214485168	-2.1129724979400635	-2.1379504203796387	0.18251197040081024	-3.544487953186035	-1.5021389722824097	3.936427354812622	2.436305284500122	-1.5987699031829834	6.49390172958374	5.081235885620117	3.613128185272217	5.697284698486328	3.450669527053833	0.33108898997306824	1.8757123947143555	-0.20875824987888336	-0.8865064978599548	4.085597991943359
0.6673949956893921	3.4188220500946045	1.2811959981918335	1.3933799266815186	-1.4607288837432861	-1.3743964433670044	2.0500807762145996	3.9893100261688232	-0.3530503213405609	2.2445194721221924	4.448267936706543	1.2836370468139648	1.4023888111114502	3.682504177093506	-0.3856119215488434	2.7415130138397217	0.9958552122116089	0.029473664239048958	1.8767461776733398	1.0222060680389404
-1.7761428356170654	6.004851818084717	2.7334606647491455	-3.55043363571167	-1.711323857307434	4.322561740875244	-2.1931169033050537	1.2122875452041626	3.4106645584106445	0.2768854796886444	3.1661183834075928	2.991600751876831	-0.9322885274887085	-4.122559070587158	-2.454073667526245	-2.2497894763946533	0.8955682516098022	-1.7425063848495483	0.13218843936920166	-0.61820387840271
-0.13211162388324738	-0.10505936294794083	-0.7545856833457947	-3.438683032989502	0.5803454518318176	2.136096715927124	1.624582052230835	-1.7002670764923096	2.354276418685913	-0.3366779088973999	1.6057469844818115	2.1753597259521484	0.5281609296798706	-0.4463364779949188	0.8298770785331726	-1.3342924118041992	-2.0629425048828125	-2.48954176902771	-2.0230319499969482	-1.6978651285171509
2.510007858276367	3.963465929031372	0.5493506789207458	-2.471414089202881	-7.888653755187988	3.5306556224823	-5.3761420249938965	-2.041666030883789	0.3187348544597626	-9.422187805175781	-3.005714178085327	-4.177646160125732	-2.6082515716552734	0.7750223875045776	-0.1308405101299286	-1.5264580249786377	1.0974457263946533	4.317155361175537	0.6943966746330261	-7.262786388397217
-4.993630409240723	-1.288064956665039	-0.3600924015045166	0.8127763271331787	0.7777093648910522	1.3685863018035889	-0.7268013954162598	0.2183876931667328	2.6419684886932373	-2.432194471359253	-0.02942032180726528	1.713356852531433	6.575054168701172	-1.589008092880249	-0.30210667848587036	-0.753481388092041	1.0225372314453125	4.101400852203369	-3.9003260135650635	-0.7327657341957092
-1.98054838180542	1.2193697690963745	1.785868525505066	-0.6397460103034973	-1.0256905555725098	2.0682313442230225	0.22661961615085602	5.7015252113342285	-1.2507193088531494	1.4689512252807617	1.8482062816619873	0.21417632699012756	-3.6448686122894287	2.1968464851379395	2.499979257583618	0.06553291529417038	-1.4263023138046265	-2.3671371936798096	2.4519388675689697	5.409020900726318
-1.359270691871643	0.9218677282333374	-0.9775726199150085	-4.865676403045654	5.055160045623779	2.136353015899658	-0.02027779631316662	2.4568228721618652	0.6790846586227417	-1.4427235126495361	5.34536075592041	-2.805170774459839	-1.056134819984436	3.4635136127471924	-2.5481724739074707	-2.5970306396484375	-0.1629183441400528	7.209780693054199	-1.3663921356201172	0.6086448431015015
3.4934065341949463	-5.306790351867676	4.471065044403076	-0.38807135820388794	1.1728030443191528	1.6932976245880127	-1.2947332859039307	-0.09204119443893433	-4.880958080291748	0.8662768602371216	3.797600269317627	-6.854382038116455	-2.6890931129455566	-4.627270221710205	-1.3732126951217651	4.565715789794922	6.5026960372924805	-0.4554939568042755	-0.5164965391159058	2.6431877613067627
3.6025447845458984	-3.382708787918091	3.3966898918151855	1.1692628860473633	1.5803583860397339	-6.205261707305908	-4.151580333709717	3.7741849422454834	-3.8128199577331543	2.761924982070923	5.485644340515137	3.4129321575164795	0.10219626873731613	-0.8531213402748108	-2.2525298595428467	4.1092305183410645	0.29623550176620483	-0.6261788010597229	0.6310984492301941	1.3312280178070068
-2.4377589225769043	0.636217474937439	1.4819544553756714	-0.6681497693061829	-0.2198953926563263	2.674129009246826	-0.5908868312835693	6.543465614318848	-0.5267567038536072	1.502854824066162	2.611149311065674	-0.49681493639945984	-3.8636977672576904	2.7442739009857178	2.479811906814575	0.3655073940753937	-1.2246086597442627	-2.5526819229125977	1.5679923295974731	4.35167121887207
7.78153133392334	-1.6672968864440918	-0.224207803606987	0.011948611587285995	-4.103577136993408	4.299690246582031	-1.7075682878494263	-4.806853771209717	2.154067277908325	-3.4891815185546875	-3.2634217739105225	1.7716988325119019	-3.6964271068573	2.934999942779541	-2.8512885570526123	-4.323634147644043	-1.4109103679656982	-0.12854640185832977	1.259131908416748	-1.4117945432662964
0.34064197540283203	1.0892010927200317	1.897218108177185	-1.6478482484817505	-1.2389991283416748	4.193143367767334	-4.170881748199463	4.216194152832031	-3.0759453773498535	-1.649436354637146	-0.9321606755256653	-6.291650772094727	-6.4756760597229	5.234306335449219	-0.3850302994251251	2.115969657897949	3.26027250289917	-1.1486411094665527	4.018009662628174	-6.846541881561279
2.6185519695281982	0.4825761914253235	2.7149431705474854	3.3929784297943115	4.097733020782471	3.6956474781036377	-4.231640815734863	-4.112685680389404	-7.096774578094482	-0.16677671670913696	-2.2289841175079346	-5.957352638244629	-3.8237111568450928	1.384000301361084	0.9757817387580872	-2.773693084716797	3.9873158931732178	-2.216604471206665	3.8228132724761963	-11.259024620056152
2.542956590652466	1.0713881254196167	-0.3703939914703369	1.589979648590088	5.434327125549316	2.6719112396240234	1.206394910812378	-2.153796434402466	1.639073133468628	1.2087209224700928	0.5503817200660706	3.0354301929473877	3.110895872116089	-0.7874642014503479	-0.17788085341453552	-4.343587398529053	-4.903829097747803	0.25550583004951477	-3.297487258911133	-0.8495013117790222
7.0813775062561035	5.096523761749268	0.771966814994812	2.39129638671875	1.4875991344451904	0.59210604429245	-1.3734132051467896	-0.6546867489814758	1.7601262331008911	0.17835095524787903	5.546772480010986	3.301424741744995	3.3578670024871826	0.1560397893190384	0.7326986789703369	-6.414517402648926	-2.8733091354370117	-1.0871684551239014	-4.850597381591797	0.8292235732078552
-6.973231315612793	1.4437588453292847	4.018784999847412	-3.361396312713623	-2.718944549560547	-0.43476900458335876	-5.359585762023926	-0.02966378442943096	-1.955405354499817	0.7653768658638	0.8718478679656982	-1.7313693761825562	-3.8971571922302246	0.5747062563896179	0.761177122592926	0.24360285699367523	2.5698163509368896	-1.8124752044677734	-2.73850417137146	5.514968395233154
-2.030277967453003	-0.00011344762606313452	0.9680767059326172	3.082263946533203	0.26949629187583923	-4.727295398712158	3.311126947402954	-0.917804479598999	-1.5306248664855957	1.0466898679733276	5.706769943237305	-1.3792463541030884	-2.9843599796295166	1.0923372507095337	3.166282892227173	-2.877333164215088	-0.4045417606830597	-2.673043727874756	2.071138620376587	4.121481895446777
0.5753346681594849	2.875282049179077	4.027695655822754	1.0128332376480103	3.7885584831237793	-3.163069009780884	1.2741042375564575	-1.1696909666061401	1.1049318313598633	-0.38438382744789124	2.772616147994995	0.8978113532066345	2.326592445373535	1.7616887092590332	-1.8563975095748901	-1.179570198059082	3.30462384223938	0.14890559017658234	1.3202080726623535	3.2511649131774902
-3.9969911575317383	2.977771759033203	-3.1795225143432617	-3.192686080932617	3.6654438972473145	1.244074821472168	1.4578510522842407	-0.692409098148346	3.5377023220062256	-1.4401034116744995	1.2770284414291382	-1.9185898303985596	0.7447320818901062	3.603975534439087	0.5925376415252686	-5.022645950317383	1.4858239889144897	1.2663030624389648	0.08564120531082153	0.38627395033836365
1.7803566455841064	2.587108850479126	0.486751914024353	-0.9213346242904663	-5.081182956695557	2.3897347450256348	1.4323674440383911	0.938639223575592	2.2772090435028076	-2.7075562477111816	1.66627836227417	-0.33471712470054626	3.3811004161834717	-0.5212705135345459	-0.3289991319179535	-0.04935641959309578	1.0776913166046143	-0.09814872592687607	-0.31592920422554016	-3.804185152053833
0.5451521277427673	2.398163318634033	4.572525978088379	2.84124493598938	4.849878787994385	-4.256627559661865	-0.780841588973999	-2.0390467643737793	-6.3754353523254395	3.7284069061279297	-1.3469818830490112	-3.691746950149536	1.0120705366134644	2.4849252700805664	0.40197068452835083	0.59999018907547	2.895442485809326	-5.91762113571167	2.0353262424468994	-5.859824180603027
-2.2683842182159424	1.024667501449585	-6.756281852722168	-3.7128474712371826	4.49614953994751	-2.5617001056671143	-1.7288100719451904	1.1230632066726685	3.0707223415374756	3.643104076385498	6.257369041442871	1.233288288116455	0.623639702796936	2.267667531967163	-5.334433078765869	-5.201776504516602	6.326231002807617	3.513118267059326	2.110063076019287	0.2593795657157898
1.6232587099075317	2.1719908714294434	2.800039291381836	1.8923876285552979	1.4926953315734863	-1.5801122188568115	1.7244600057601929	-0.3301868736743927	0.36868205666542053	-1.8165689706802368	2.828165292739868	0.33825114369392395	3.802093744277954	1.4482189416885376	0.9312145709991455	0.8214720487594604	7.514429569244385	-1.7748329639434814	4.367687702178955	-0.13467839360237122
-5.09956169128418	-2.37603497505188	-3.335416793823242	-0.9499560594558716	-1.154098629951477	1.1845906972885132	-1.5241711139678955	-1.624360203742981	1.8637993335723877	-0.18732155859470367	3.4796531200408936	1.4525305032730103	7.365335464477539	-5.377606391906738	-0.1263132393360138	0.155996635556221	5.4930596351623535	3.058985471725464	-4.203938007354736	-2.546994209289551
0.4763621389865875	3.0138838291168213	-0.0315016508102417	0.8134206533432007	2.0727717876434326	1.4101643562316895	0.9183481931686401	-1.9223411083221436	2.3970956802368164	1.1279382705688477	0.6309010982513428	2.527742624282837	2.345172643661499	-0.12778989970684052	-0.7412551045417786	-1.9718221426010132	-1.7199724912643433	-0.08336557447910309	-2.350966215133667	0.5909314751625061
-1.4907042980194092	-1.8617193698883057	-4.719088554382324	-0.8882827758789062	-3.773838996887207	-1.7131617069244385	1.473683476448059	3.847717046737671	-0.7533817291259766	3.6234383583068848	-3.0500850677490234	2.176015853881836	3.2620174884796143	-1.0997154712677002	1.4250869750976562	-1.2510876655578613	0.13615968823432922	-4.790961742401123	2.8740615844726562	3.2494990825653076
1.5378438234329224	5.952688694000244	4.334163188934326	0.8119322657585144	1.258760929107666	-3.084939479827881	-0.17667411267757416	1.5655159950256348	-2.9707648754119873	1.70017671585083	1.3435134887695312	-7.875330448150635	-0.6678361892700195	0.6812312006950378	-0.5158780813217163	-1.4031933546066284	2.70086669921875	-4.430878639221191	1.338538646697998	-0.9877238869667053
1.3002684116363525	1.4503458738327026	3.2194595336914062	0.14534308016300201	-3.848426580429077	4.435092449188232	0.8376671671867371	-0.15301509201526642	-5.661861896514893	-0.684971809387207	0.132173091173172	1.2401477098464966	-2.235184907913208	3.716916561126709	0.8837037682533264	2.7443487644195557	3.0273842811584473	2.68176007270813	5.093986511230469	-1.7933764457702637
-4.137685775756836	-0.3666672706604004	2.1682634353637695	3.9145896434783936	-5.991598129272461	4.821573257446289	-4.296510696411133	1.2535585165023804	1.206627368927002	-5.617030143737793	-4.093203544616699	1.3553858995437622	2.7196576595306396	-3.0379445552825928	6.552768230438232	-1.1948336362838745	3.5537667274475098	-5.170594215393066	1.1688203811645508	-1.8035950660705566
-1.484100580215454	-6.067983627319336	-3.822763204574585	-3.5375447273254395	-0.5381381511688232	2.4311442375183105	3.390143871307373	-1.1896357536315918	-1.357749581336975	-1.516292929649353	4.459954261779785	1.5297904014587402	0.14093680679798126	-4.411694526672363	4.833571910858154	0.7974998354911804	0.1237097680568695	-0.39754217863082886	1.135359525680542	-2.853555917739868
-0.9652832746505737	3.969895124435425	-1.0536848306655884	-0.6738713979721069	0.0013678539544343948	-2.938307762145996	-0.784307599067688	-6.1891632080078125	6.276847839355469	-2.1898629665374756	-0.32952186465263367	-0.03964259475469589	-4.647359371185303	0.22483551502227783	-1.3704105615615845	1.319954514503479	0.979438304901123	-3.066565752029419	3.1565473079681396	-0.8886703252792358
0.4964730143547058	2.1695973873138428	-2.6950552463531494	-5.048569679260254	3.776052236557007	2.0456550121307373	0.2707587778568268	3.85044527053833	0.042504239827394485	-0.4701935648918152	5.756617069244385	-3.7786052227020264	-1.892338514328003	2.6786725521087646	-1.9609330892562866	-1.7259373664855957	-1.8838529586791992	7.747142314910889	-1.1226366758346558	1.696361780166626
-4.853524684906006	5.361529350280762	-1.167402744293213	-2.285503625869751	3.3051273822784424	1.93707275390625	0.683348536491394	-0.8232702612876892	3.81351375579834	-1.0890544652938843	2.234450101852417	-1.5185858011245728	2.446664810180664	4.382005214691162	0.24626478552818298	-4.173664569854736	-0.606514036655426	2.5827767848968506	-3.796919822692871	-1.0281198024749756
-4.963896751403809	1.1418366432189941	1.3317089080810547	1.180136799812317	0.9962670803070068	-1.533001184463501	0.5163780450820923	5.268579006195068	-0.5330083966255188	1.0812610387802124	3.5328946113586426	-1.385830044746399	-4.078738212585449	2.361091375350952	3.305572986602783	-1.2940422296524048	-0.49135997891426086	-3.039785385131836	2.9568092823028564	5.508770942687988
-1.7115854024887085	-0.8129603266716003	-3.038309335708618	5.823825359344482	0.9427940845489502	-3.017812967300415	1.6095658540725708	-4.158649444580078	2.7306883335113525	-2.0754759311676025	2.878220319747925	0.5030877590179443	2.5092740058898926	-1.2358955144882202	2.9391672611236572	-1.338582158088684	-1.0568853616714478	1.8913956880569458	-1.6394283771514893	-0.6878858208656311
3.5395288467407227	-5.146176338195801	5.2273969650268555	1.6084431409835815	3.803597927093506	-3.4542088508605957	-2.8415098190307617	2.426119804382324	-2.906555652618408	1.859900951385498	5.785560131072998	4.469393253326416	-1.546038031578064	-1.2050400972366333	-2.021759033203125	2.0467023849487305	-2.5999832153320312	0.10698745399713516	-0.07914718240499496	3.4827558994293213
-3.7516684532165527	1.8842114210128784	1.8763737678527832	1.6502021551132202	-0.777199923992157	-0.37047064304351807	-0.13858413696289062	4.504487991333008	-0.5997164845466614	1.5292688608169556	3.347144603729248	0.21232129633426666	-0.9472857117652893	2.3085358142852783	1.434804081916809	-2.666628837585449	-0.02569757215678692	-2.5183746814727783	0.9184508323669434	1.6485313177108765
-0.8443748354911804	-2.5660572052001953	0.8277692794799805	3.844923973083496	1.9630697965621948	-0.7568739056587219	3.28835129737854	-3.889430046081543	0.4238993525505066	-4.195871353149414	3.4939963817596436	-0.26655176281929016	-0.40533503890037537	-3.268312454223633	3.9854068756103516	-1.4485071897506714	-3.7837717533111572	1.7602330446243286	-0.8284780979156494	-0.3345528542995453
-0.2196110635995865	0.7527080178260803	1.868611216545105	1.3933918476104736	-0.3201914429664612	-2.102154493331909	-0.45031335949897766	2.1218302249908447	-0.4654545783996582	0.5081570148468018	4.1924147605896	-2.609436273574829	-2.0533061027526855	0.6543008089065552	2.6261212825775146	1.118790864944458	1.249098300933838	-2.0403692722320557	0.2154143750667572	5.358412742614746
-3.140815496444702	1.2999573945999146	0.18916374444961548	0.46577006578445435	0.6475021243095398	-0.4057660698890686	-3.0167200565338135	1.4303945302963257	0.6447935700416565	-1.9011082649230957	-2.050771713256836	-1.8876291513442993	2.3482556343078613	-1.859290599822998	0.7504814267158508	-0.4899086058139801	-0.2784217298030853	2.8096652030944824	-2.662864923477173	3.001476526260376
0.584712564945221	-0.4165651202201843	1.3371788263320923	0.5568332076072693	-0.7938289046287537	2.395204782485962	1.1730538606643677	-0.6589978933334351	-1.4884986877441406	0.6167228817939758	1.6098339557647705	2.1559548377990723	2.204902410507202	2.9775846004486084	0.7269805669784546	0.5221642851829529	2.695037364959717	-0.6796442270278931	0.8218758702278137	-2.455296754837036
2.380686044692993	0.16419191658496857	0.4459884762763977	0.9265764951705933	-2.657371997833252	2.957453489303589	-1.2369357347488403	0.5146271586418152	-1.6098467111587524	1.8205153942108154	3.6047613620758057	-4.428967475891113	-4.383612632751465	1.0243251323699951	-1.6033787727355957	-1.6396381855010986	2.123753547668457	-0.06862083077430725	0.7766115069389343	-1.247664451599121
0.9199284911155701	0.9447003602981567	-0.8050784468650818	0.8862889409065247	2.3375699520111084	2.2732808589935303	1.0256788730621338	-0.8476621508598328	1.9206912517547607	0.38611286878585815	0.19178658723831177	2.8493473529815674	1.0862820148468018	-0.021215885877609253	0.1418958604335785	-2.6942882537841797	-2.8215177059173584	0.033300187438726425	-1.352669358253479	1.0570294857025146
-1.6748266220092773	0.6866655349731445	-1.5083940029144287	-2.5961339473724365	-2.991117238998413	-0.6670095920562744	3.710195779800415	-6.097501277923584	0.1610848307609558	0.399702250957489	2.6019089221954346	1.6406705379486084	0.551321804523468	1.5858043432235718	-0.21650156378746033	1.336167335510254	1.0305907726287842	3.66973876953125	-1.578283667564392	3.9852874279022217
1.3184767961502075	0.7358551621437073	-0.6494866609573364	-0.5649604201316833	0.7806434631347656	1.4873319864273071	0.8823819756507874	0.9244829416275024	-0.47848641872406006	1.3868709802627563	2.2342116832733154	0.5366494655609131	0.21349617838859558	0.11016178876161575	0.641347348690033	-0.7567222118377686	1.4221572875976562	-0.7851443886756897	0.5533474683761597	1.6265923976898193
-2.0088884830474854	1.4488104581832886	-3.36958646774292	3.85500168800354	-0.2581860423088074	2.5821356773376465	-2.3161754608154297	4.101205825805664	0.7599029541015625	0.847885251045227	-1.478647232055664	1.6162391901016235	5.0051445960998535	-0.09766681492328644	-0.4398629367351532	-0.8493965864181519	-1.1340891122817993	5.292294025421143	-1.4942563772201538	-1.0810694694519043
-0.31232544779777527	-1.0030877590179443	0.702380895614624	-1.7073918581008911	-3.08416485786438	3.0194783210754395	-3.5827581882476807	2.8678512573242188	-0.3979252278804779	-2.8840065002441406	9.149142265319824	-1.7241852283477783	-0.622551441192627	-1.1551870107650757	3.4532248973846436	-1.6415808200836182	1.4970324039459229	1.5337742567062378	-4.781539440155029	-0.033992789685726166
-3.064201831817627	3.4294567108154297	-3.113490581512451	-0.6321461200714111	0.3461373448371887	0.017481815069913864	1.644379734992981	-2.9353089332580566	-1.8398499488830566	7.062135219573975	-1.3402934074401855	1.6469841003417969	-4.971292972564697	3.145076274871826	-0.0544692687690258	-3.122852087020874	-2.7888472080230713	-4.734492301940918	1.7394459247589111	1.2193480730056763
1.1996302604675293	0.46276581287384033	-1.0170079469680786	1.6955173015594482	-3.0256919860839844	0.7635087370872498	4.974315166473389	-0.29597005248069763	2.2113890647888184	-3.6031177043914795	1.5597013235092163	-3.1174075603485107	2.2733004093170166	2.1538476943969727	1.3404582738876343	-5.308650493621826	-0.9852895140647888	-0.7567624449729919	-0.22358745336532593	-2.5574443340301514
-5.4634528160095215	0.7252048254013062	3.6653168201446533	4.602513790130615	0.27360761165618896	-2.0758323669433594	-1.7653073072433472	-2.261970043182373	0.3353104889392853	-1.3062728643417358	0.9011494517326355	-0.08984077721834183	3.618798017501831	1.369822382926941	-1.4235715866088867	-2.7821896076202393	6.0362443923950195	1.710121512413025	-1.1456602811813354	1.5044231414794922
-3.6510305404663086	5.123692989349365	2.686044931411743	-1.2039766311645508	-0.37063342332839966	6.232755661010742	-1.5322961807250977	-0.44187867641448975	1.6581284999847412	2.5643844604492188	3.226104974746704	3.4768216609954834	-1.8811544179916382	-5.570322036743164	-2.996100902557373	-3.701509952545166	0.939404308795929	0.8355011940002441	0.45725923776626587	1.8696321249008179
-0.7283647656440735	4.837655067443848	-1.0303326845169067	-1.7174265384674072	1.621239423751831	0.5127996802330017	0.9364349842071533	0.5155463218688965	2.201573133468628	-0.04230620712041855	5.796780586242676	0.6558391451835632	-0.6000376343727112	2.5016133785247803	-1.2690364122390747	-4.03597354888916	-0.06854312866926193	2.9160215854644775	-0.3765549659729004	0.155033677816391
0.003784733824431896	2.7331414222717285	-0.4547334611415863	4.13716983795166	1.295247197151184	0.3892161548137665	-0.5986843109130859	0.4932310879230499	2.8363053798675537	-0.6313213109970093	2.88457989692688	1.538894772529602	1.8464106321334839	1.8896892070770264	1.377776861190796	-3.5002048015594482	2.614018678665161	-0.4871170222759247	1.3817999362945557	0.9928195476531982
2.708188533782959	2.76600980758667	0.793266773223877	1.4201483726501465	-0.5625778436660767	0.39980027079582214	2.206878900527954	2.683084011077881	-4.570870399475098	3.3623077869415283	4.125141620635986	-5.317123889923096	-0.12784263491630554	1.8408483266830444	2.813897132873535	6.527732849121094	3.653536081314087	-0.986687958240509	2.1605515480041504	-0.4544832110404968
1.654249906539917	-0.2935425937175751	1.9146519899368286	-1.5891056060791016	-0.4398350715637207	-1.02803635597229	-6.568469047546387	1.1053498983383179	3.15453839302063	-1.4933305978775024	1.434867262840271	2.0065062046051025	0.7694520354270935	0.6998374462127686	-2.9377670288085938	-1.5156458616256714	0.5591968894004822	-2.131864547729492	-3.7426369190216064	-1.7383198738098145
0.07697378098964691	-0.8419676423072815	-3.241990804672241	4.157603740692139	-0.05301512032747269	-2.620884895324707	0.8556135892868042	-3.61901593208313	2.414029598236084	-2.123868227005005	3.4925365447998047	0.8152456283569336	0.43113160133361816	-0.3670941889286041	4.7997941970825195	-2.5069050788879395	-1.4377981424331665	-0.7370373606681824	-1.1157405376434326	0.8546720147132874
1.0340415239334106	-0.22465267777442932	0.7408807277679443	2.2998132705688477	-4.175312042236328	1.4513516426086426	1.513561487197876	-3.3252031803131104	2.4344370365142822	-2.2928013801574707	1.9681464433670044	6.266878604888916	0.3089827001094818	-2.032029151916504	-0.2831731140613556	-5.664639949798584	0.7530146837234497	-1.3663586378097534	2.3167331218719482	0.9965780377388
-2.642430543899536	-1.300716757774353	-1.9015225172042847	0.033436886966228485	-3.0964391231536865	1.7470216751098633	4.158100605010986	-4.698502540588379	-1.4543367624282837	2.2787396907806396	2.4628713130950928	1.6796516180038452	1.9871078729629517	1.6054874658584595	-0.1567028909921646	-1.348802924156189	4.324530601501465	2.859795570373535	-0.29598161578178406	3.6364669799804688
0.3872342109680176	0.48099154233932495	-1.3825408220291138	-0.7388876080513	0.3488326966762543	0.4349713623523712	0.2490563839673996	-0.16605114936828613	0.47953662276268005	0.47493013739585876	-0.19021062552928925	1.179075002670288	-0.04538147896528244	0.10843387246131897	-0.15734286606311798	-0.7918713092803955	-0.40809354186058044	-0.5541757941246033	-0.0007224976434372365	0.6146190762519836
-0.5246063470840454	2.00498104095459	2.6896026134490967	1.2653968334197998	-1.9247100353240967	1.7085669040679932	3.4927611351013184	0.8942964673042297	-1.378175973892212	0.41057124733924866	2.082237720489502	0.8674184083938599	1.9036917686462402	1.9064429998397827	-1.0704199075698853	-0.6821510195732117	2.5966782569885254	0.9419803619384766	2.620154619216919	-0.31564566493034363
2.283217430114746	0.9040350317955017	1.9541536569595337	2.591937303543091	1.0449074506759644	1.6335734128952026	0.1892172247171402	-2.5978312492370605	-0.5651617646217346	1.3057317733764648	4.675252914428711	2.3482980728149414	4.211147785186768	-2.534080743789673	0.7441979646682739	-6.7203593254089355	0.14026127755641937	-1.719417929649353	-4.920107364654541	0.8742914199829102
0.8504034876823425	0.7969960570335388	1.51524019241333	0.6996227502822876	-1.6258660554885864	4.089454650878906	0.9810343980789185	2.180549383163452	-2.905221462249756	2.3735785484313965	4.701342582702637	-0.2478611022233963	0.34732121229171753	-0.5062024593353271	3.665440797805786	-5.517526149749756	-1.7795659303665161	-3.241232395172119	-3.6484036445617676	2.6945135593414307
1.7112013101577759	2.489088535308838	4.275498867034912	1.2041518688201904	4.006534099578857	-0.3665751814842224	3.053652763366699	-1.0214574337005615	1.696718692779541	-0.6118482947349548	1.5885329246520996	1.6915918588638306	2.930351734161377	2.0727572441101074	-0.36403608322143555	-0.764195442199707	2.818894386291504	-1.7052817344665527	2.315067768096924	3.2293038368225098
-4.1463470458984375	-2.656545639038086	-3.555121898651123	-0.9145040512084961	-2.227306604385376	1.0383301973342896	-1.380072832107544	-3.3833489418029785	1.8255997896194458	0.936303973197937	3.482760429382324	1.7906301021575928	5.500035285949707	-3.620185613632202	-0.12033317983150482	0.9382469058036804	6.4257683753967285	1.6130110025405884	-3.326770782470703	-1.5645805597305298
2.316189765930176	1.9846229553222656	0.744601845741272	2.20306396484375	3.258188009262085	1.5120822191238403	-1.0368894338607788	-1.912658452987671	2.165677070617676	0.841681182384491	2.0266778469085693	3.234351634979248	1.747618556022644	0.03889106959104538	-0.6805875301361084	-5.3567376136779785	-3.0493569374084473	-1.075259804725647	-3.857714891433716	-0.35874873399734497
0.7975509166717529	0.8625146150588989	-0.7382021546363831	-0.8029423952102661	-2.09846568107605	4.16574239730835	2.3023667335510254	3.693974256515503	-0.05661963298916817	1.2733826637268066	2.321526527404785	2.4203121662139893	1.0214084386825562	2.764498710632324	1.9251832962036133	0.06093747541308403	2.337425708770752	-0.7611957788467407	2.4687366485595703	3.362898588180542
1.1715435981750488	1.0499242544174194	-0.2694396376609802	0.04517823085188866	4.395366191864014	1.1116892099380493	-0.051296696066856384	-0.8529088497161865	2.597018003463745	0.272138774394989	-0.9179804921150208	1.9777514934539795	2.5353658199310303	-0.4366639256477356	-0.5354434847831726	-3.190823554992676	-2.0875730514526367	-1.8437347412109375	-1.927673578262329	-0.18376943469047546
-2.287022113800049	1.5260306596755981	-1.081904649734497	0.4308391809463501	-2.651956558227539	0.6459686160087585	-0.2664127051830292	0.4605071544647217	1.4063512086868286	0.9516500234603882	-0.4630480110645294	0.1198955848813057	2.4197306632995605	0.6877143979072571	0.38238558173179626	-0.8141269087791443	1.5685213804244995	-0.726416826248169	-1.5312445163726807	2.027290105819702
-2.1762027740478516	1.0921992063522339	0.8592342138290405	0.36554089188575745	-1.6622847318649292	1.9474315643310547	-0.8159230351448059	5.723941326141357	-0.6472991704940796	2.0512404441833496	3.281888246536255	0.579315721988678	-2.381608247756958	2.837757110595703	2.6844801902770996	-2.1631617546081543	-0.7544271945953369	-3.567030668258667	0.6053349375724792	3.3476336002349854
-4.198843002319336	0.9365609288215637	0.3450396656990051	1.8509405851364136	0.8296474814414978	0.2868943214416504	-1.4095550775527954	2.575396776199341	0.24359071254730225	0.5504501461982727	-0.4158209264278412	2.1218504905700684	0.8008311986923218	2.1640288829803467	1.6484875679016113	-0.5503629446029663	-0.5813072323799133	-0.7908087968826294	0.06497018784284592	0.4583866596221924
-3.1229114532470703	-0.101765476167202	0.010970219038426876	1.3481346368789673	-0.638926088809967	-1.2530399560928345	-0.8235965967178345	4.740732669830322	-0.07897500693798065	0.18780769407749176	3.9089372158050537	0.7521959543228149	-3.5651400089263916	3.2851004600524902	3.6588926315307617	-3.5055644512176514	-0.6710275411605835	-3.938556432723999	2.4720587730407715	2.5890493392944336
-2.7376327514648438	4.840804576873779	2.834990978240967	-1.8177770376205444	-0.29716378450393677	3.3327035903930664	-1.6163095235824585	0.5093817710876465	1.9016996622085571	0.813255786895752	2.939854383468628	3.553433895111084	-1.3681644201278687	-3.4534592628479004	-1.92388117313385	-3.063521146774292	1.9448002576828003	-1.7146588563919067	2.010721206665039	0.17953385412693024
0.5429069995880127	-3.820530652999878	-0.772692084312439	1.7833319902420044	0.8741301894187927	0.8415369391441345	-0.0846201702952385	-4.341531276702881	0.8940719366073608	-2.005967617034912	2.3268351554870605	2.0796337127685547	-0.7707193493843079	-3.2539620399475098	3.476640224456787	-2.0735747814178467	-1.1279810667037964	0.4796919524669647	-2.4801480770111084	4.937867164611816
0.9884397387504578	-1.3512566089630127	1.8668915033340454	-3.183910846710205	-1.0656672716140747	5.740720272064209	-5.3673248291015625	2.067816734313965	1.9236171245574951	-4.676036834716797	0.666170597076416	3.7167065143585205	1.4609923362731934	-1.1274526119232178	1.3679455518722534	5.371188640594482	4.846704483032227	1.7296454906463623	1.8383734226226807	-0.966651976108551
-2.442631483078003	-0.7158453464508057	-0.890528678894043	5.238341331481934	3.0827414989471436	-2.706292152404785	0.4822174608707428	-2.821763515472412	1.5900431871414185	-1.8477460145950317	3.0644891262054443	0.9932438731193542	1.3086527585983276	-1.1260318756103516	3.343965530395508	-0.8280766010284424	-2.078075885772705	0.6596599817276001	-1.2756683826446533	-2.070422887802124
-1.9557164907455444	1.3324079513549805	-2.479046106338501	5.923253059387207	1.481404423713684	-2.683537721633911	1.153673768043518	-3.85273814201355	2.443669557571411	-1.9309853315353394	2.6209194660186768	0.6898483633995056	1.537091851234436	-0.39519524574279785	2.7113006114959717	-1.6456336975097656	0.06555147469043732	2.063441514968872	0.24914388358592987	-0.7647890448570251
-2.7988808155059814	2.13000226020813	-2.4878427982330322	-0.2072795331478119	-4.169549942016602	1.556006908416748	-2.423156261444092	-1.5357446670532227	3.782819986343384	0.4869826138019562	0.4868769943714142	-0.7454569339752197	1.9834927320480347	-1.352279543876648	-2.4000110626220703	-2.0546209812164307	3.8019442558288574	1.6963396072387695	-2.5458030700683594	1.2930281162261963
-2.513946294784546	3.2957520484924316	-1.7543752193450928	-2.6885573863983154	1.4834604263305664	1.9776349067687988	-0.4772000312805176	1.6069998741149902	2.3778140544891357	-0.09459364414215088	5.9453558921813965	1.2764304876327515	-0.8455008864402771	3.5395970344543457	-0.8234965801239014	-3.5024571418762207	0.2845762073993683	3.382816791534424	-0.7668633460998535	-0.2642136812210083
-0.816847026348114	1.923753023147583	1.0758771896362305	2.7196531295776367	-3.711909294128418	-2.074854850769043	-1.6472049951553345	1.6643692255020142	-0.7303047776222229	3.4629597663879395	6.817828178405762	2.186321973800659	-0.28760311007499695	-0.8716910481452942	1.2865335941314697	1.9747627973556519	3.3859705924987793	-2.087712049484253	0.36916643381118774	3.6596670150756836
-0.21527910232543945	1.9795536994934082	4.311089992523193	4.031529903411865	2.3802425861358643	-2.186307430267334	-1.624402403831482	1.2706413269042969	0.03850247710943222	0.16212479770183563	5.989304065704346	3.395129680633545	-0.36909982562065125	0.8972850441932678	0.7464153170585632	-0.11747101694345474	0.41307544708251953	-0.44866225123405457	0.9855161905288696	1.167627215385437
-0.19250018894672394	1.6154735088348389	-0.8536627888679504	-1.314069390296936	0.06447499245405197	-0.0545571930706501	0.4227941036224365	0.9161391854286194	0.5413885712623596	-0.4513452351093292	2.6146857738494873	0.5694826245307922	-0.4118426442146301	1.2488625049591064	-1.078599452972412	-1.58168363571167	-0.4365253150463104	1.4866796731948853	-0.18001607060432434	-0.9121552109718323
0.7303006052970886	1.0988879203796387	1.2780135869979858	3.5945472717285156	0.5113821625709534	-0.05317171663045883	-0.80447918176651	-1.3064202070236206	0.05777502804994583	1.4669004678726196	3.464428663253784	2.1081368923187256	1.8466039896011353	-0.9774698615074158	0.5827651619911194	-6.375669002532959	2.5753915309906006	-3.135423421859741	-0.7164035439491272	2.0829896926879883
1.5162773132324219	1.7572412490844727	1.7055058479309082	3.8295373916625977	0.6953654289245605	0.88456130027771	-0.5756269097328186	-1.5926406383514404	0.3991031050682068	0.7581309676170349	4.959470272064209	2.1977269649505615	2.5585784912109375	-2.775543451309204	2.0048489570617676	-8.42760181427002	2.5671143531799316	-3.771202802658081	-1.5842000246047974	3.499552011489868
1.8885020017623901	2.0676968097686768	2.9072723388671875	1.891601324081421	-2.845008134841919	2.6841752529144287	1.2526873350143433	-0.5749861001968384	-1.304620623588562	-0.083751380443573	1.503021240234375	-4.6386518478393555	-2.400622606277466	1.4192018508911133	-0.7658911943435669	-2.3859968185424805	1.7968158721923828	-1.89992094039917	1.5524619817733765	-2.535555124282837
1.554507851600647	0.7765756845474243	-0.29548516869544983	2.7067644596099854	0.21790000796318054	-1.1253811120986938	-0.0862683430314064	1.7663872241973877	-1.0130667686462402	1.3645989894866943	2.786736011505127	-2.436525821685791	-0.3031153678894043	2.4149551391601562	2.511911153793335	-1.1330955028533936	2.2037744522094727	-3.2178151607513428	1.0597416162490845	0.6457237601280212
2.4719135761260986	-0.4996950924396515	1.7669999599456787	0.5187016129493713	-5.121849536895752	2.7597227096557617	-0.3676553964614868	-2.169221878051758	2.1583993434906006	-3.50842547416687	0.31117069721221924	2.8879852294921875	-0.7816545367240906	1.0203733444213867	-0.4880385994911194	-3.3192930221557617	0.15666556358337402	-0.5715175867080688	-0.04867688938975334	1.0656472444534302
0.44205936789512634	-1.2137233018875122	2.6282413005828857	2.9657468795776367	-3.0283255577087402	0.7163378000259399	-0.6741198301315308	-2.887526035308838	1.1687464714050293	-2.5586025714874268	-0.19773705303668976	4.499042510986328	0.9078009128570557	0.6387401223182678	-0.8119240999221802	-4.520190238952637	2.2563347816467285	-1.6729542016983032	1.1739065647125244	0.14152398705482483
-2.8084349632263184	-3.8992562294006348	1.3472001552581787	-1.5631903409957886	-2.7458560466766357	0.9069229960441589	-2.2786459922790527	-1.2728890180587769	-0.11692012846469879	2.536771535873413	-0.0714380219578743	7.152098655700684	4.351448059082031	3.1737301349639893	-3.263929843902588	0.9318190813064575	4.619276523590088	-0.7935933470726013	-2.2579450607299805	0.5429853200912476
-1.2013057470321655	2.255561113357544	-1.9776767492294312	-1.530720591545105	-0.12111958116292953	-0.6877809762954712	0.7673993706703186	-1.8305014371871948	2.367722272872925	-1.044746994972229	1.2234326601028442	0.7426626086235046	-0.2836388647556305	1.8721539974212646	1.3608108758926392	-3.0242111682891846	2.3123350143432617	-1.1743371486663818	1.6107354164123535	2.227996587753296
0.7896928191184998	3.5565593242645264	0.437820166349411	1.7454148530960083	-4.5100178718566895	2.3758656978607178	0.513963520526886	0.4678993225097656	1.928096055984497	-0.7025471329689026	1.2184951305389404	-0.13061249256134033	2.5249531269073486	-0.41368746757507324	0.09298336505889893	-0.5972610116004944	1.1923502683639526	-0.6417628526687622	-0.43801140785217285	-1.9669184684753418
0.10388915240764618	-0.05037958174943924	0.4097082018852234	0.25984543561935425	-1.0660663843154907	0.1625347137451172	0.018710527569055557	-0.4944511651992798	0.24840857088565826	-0.24660275876522064	0.18554893136024475	1.0621111392974854	-0.5398428440093994	0.5324032306671143	-0.41007646918296814	-0.6524447202682495	-0.050728172063827515	-0.14340715110301971	0.5103293657302856	0.6168111562728882
-1.776741623878479	1.0992648601531982	-0.3845495879650116	0.9765425324440002	-1.1250020265579224	-1.0030052661895752	-0.8372121453285217	-0.1322583705186844	1.1572494506835938	0.4414532780647278	0.8535488843917847	0.9882854223251343	-0.4907260835170746	0.13100047409534454	-0.1322929412126541	-0.7499223947525024	1.6246250867843628	-0.9746628403663635	1.380076289176941	0.6556017398834229
-0.39746201038360596	-0.15565432608127594	-0.3326290547847748	-0.1305549293756485	-0.15770363807678223	0.02805587463080883	-0.028707552701234818	0.08311405032873154	0.17791661620140076	0.06434274464845657	-0.020163265988230705	0.49286824464797974	-0.1729794591665268	-0.40380772948265076	-0.1694832742214203	-0.25001612305641174	0.03669271990656853	-0.061631761491298676	0.6455795764923096	-0.07460203021764755
