-0.46747174859046936	0.6868018507957458	0.41211676597595215	-0.9848036170005798	1.4245787858963013	-0.41390252113342285	0.8960502743721008	-1.4467300176620483	0.38792598247528076	-0.5329799056053162	0.7537187933921814	-0.29864564538002014	0.03764276206493378	0.7856957316398621	-0.5079264640808105	0.5298782587051392	2.0152182579040527	0.24442002177238464	0.20085790753364563	-0.980043888092041
1.524897813796997	-4.586356163024902	4.647940158843994	0.3747018575668335	0.4222109615802765	2.543912172317505	-5.1136579513549805	2.8223624229431152	-4.942261219024658	-1.595319151878357	-0.6243724822998047	2.7950847148895264	0.4032440185546875	-0.9672762751579285	1.673645257949829	0.39352232217788696	7.27677583694458	-0.19991104304790497	-1.961795449256897	0.6402245759963989
3.808161497116089	-2.7493953704833984	1.8371613025665283	-3.8057258129119873	3.419400691986084	4.0541462898254395	-7.474910736083984	2.88265323638916	-6.080766677856445	-4.266415119171143	-0.8991654515266418	0.18316519260406494	-1.003001093864441	-1.089109182357788	4.350637435913086	-3.3504371643066406	5.115462779998779	3.1388015747070312	-5.853802680969238	0.3815062344074249
2.7922379970550537	-0.6654543876647949	-0.46171408891677856	-1.6904957294464111	0.0644480362534523	-0.9704996943473816	-3.1363203525543213	1.285997748374939	-5.425439834594727	-3.045851230621338	-2.5092029571533203	4.7177557945251465	1.6301300525665283	-5.7803754806518555	0.5328912138938904	0.04554424062371254	1.8931140899658203	1.4946626424789429	-2.824035167694092	-1.8412425518035889
2.6806836128234863	-3.870197057723999	-0.43358129262924194	1.146095633506775	0.2812756896018982	0.7770844101905823	0.5317596197128296	-1.2538444995880127	0.6012346148490906	-3.098512649536133	-3.037665843963623	1.1244559288024902	-0.9085603356361389	1.849873423576355	1.9052150249481201	-1.4743825197219849	0.6433946490287781	-3.0611624717712402	-1.4523011445999146	-1.0907388925552368
0.8559049367904663	0.7437170147895813	0.16295211017131805	0.05680447444319725	-1.5667080879211426	0.20094020664691925	-0.43874281644821167	0.6312232613563538	0.2860819101333618	-1.6377214193344116	1.5573558807373047	2.1026766300201416	0.6465488076210022	-1.656354546546936	1.5050441026687622	-0.18866677582263947	-1.7088675498962402	-1.9488449096679688	0.003163538407534361	1.2211792469024658
3.764786720275879	3.3980813026428223	3.2826895713806152	-2.5803356170654297	-0.9021977186203003	0.015217474661767483	0.6713861227035522	1.5269123315811157	0.6196099519729614	-0.502281665802002	-2.4455769062042236	-1.1168711185455322	-0.716727614402771	1.8214514255523682	-5.234109878540039	-2.551889419555664	-0.40499937534332275	-1.0554590225219727	-2.72318696975708	-1.0175864696502686
-3.5251543521881104	0.04527377337217331	-1.7628729343414307	-2.427300453186035	-1.0264735221862793	-2.261280059814453	-0.17976123094558716	2.065477132797241	-0.6693648099899292	2.1674606800079346	1.849404215812683	0.6448922157287598	-2.0286900997161865	4.694385051727295	0.5734464526176453	-1.3817633390426636	3.1529548168182373	-3.377446174621582	-5.567370891571045	0.5090446472167969
0.5591543912887573	0.2414245754480362	-0.03960183262825012	-1.09453284740448	0.04870816320180893	0.09436318278312683	-0.1625606119632721	-0.5033626556396484	-0.36862510442733765	0.1935877650976181	0.1674530953168869	-0.847065806388855	0.29301688075065613	0.08841465413570404	-0.7019650936126709	0.44534894824028015	1.3427767753601074	-0.37603628635406494	-0.34249502420425415	1.3050798177719116
1.5165388584136963	2.1667821407318115	-2.0347061157226562	-1.375616431236267	-0.03944733366370201	-0.8385648727416992	0.18829886615276337	1.910315752029419	0.34864911437034607	-1.6448405981063843	2.289156198501587	1.7827560901641846	1.6003319025039673	-4.0158610343933105	1.8651342391967773	1.3620136976242065	-2.058809995651245	-0.6601574420928955	-1.5801150798797607	1.5564597845077515
-1.3710439205169678	-0.66346675157547	-0.8729153275489807	-1.2298603057861328	-0.5060862898826599	-0.7763851284980774	-1.404860258102417	0.36069008708000183	-0.7807013392448425	0.21589922904968262	1.61555814743042	0.137469083070755	0.6193158030509949	-1.8630527257919312	1.237844705581665	0.7333734631538391	-1.9979318380355835	-2.099332094192505	-0.6784722805023193	-0.21704712510108948
1.6494828462600708	1.8177387714385986	-0.8294491767883301	-0.12782073020935059	-0.11187970638275146	-0.4654024839401245	0.19920039176940918	0.34191736578941345	0.36981862783432007	-1.119444727897644	2.9413697719573975	2.734738349914551	1.925068736076355	-0.19568850100040436	0.8932204246520996	1.4416942596435547	-1.2787976264953613	-0.07362194359302521	-0.809678316116333	2.008575439453125
-2.6831214427948	0.9379523396492004	-1.5389811992645264	-0.230738565325737	3.0897016525268555	0.12415747344493866	-0.14242175221443176	-0.5271565318107605	0.1890312284231186	-1.8651145696640015	0.9650865197181702	0.873288094997406	-2.268805503845215	-0.35058659315109253	4.193902492523193	0.4242795705795288	-1.443811297416687	2.4462780952453613	2.6810898780822754	1.445419430732727
-2.7047650814056396	-1.3124196529388428	-3.087493896484375	2.894174337387085	2.36616849899292	-3.423586368560791	-0.7165515422821045	1.6392905712127686	1.8131399154663086	-2.2132580280303955	-0.8498910665512085	2.024554491043091	-0.4364136755466461	-3.8893327713012695	-2.8490827083587646	1.7010102272033691	-2.097637176513672	-0.019667666405439377	-3.3488211631774902	3.033435583114624
0.7199567556381226	0.11830650269985199	-0.606108546257019	1.8690268993377686	-1.0536518096923828	-1.022173523902893	2.8927621841430664	-0.44504228234291077	3.0503203868865967	-0.2321648895740509	0.09637542814016342	2.024077892303467	-0.7539634108543396	0.1364496797323227	2.1047122478485107	2.70682430267334	-1.0493836402893066	-1.3902597427368164	1.3898507356643677	2.5852160453796387
2.429225206375122	-0.08991508185863495	-1.342632532119751	0.24742156267166138	0.18683664500713348	-0.758806586265564	-0.6714379191398621	-0.7611334323883057	2.4149882793426514	-1.4760334491729736	3.3013088703155518	3.111175775527954	3.6633527278900146	-0.6379942893981934	3.9620375633239746	1.506089210510254	-1.5629748106002808	0.04123816639184952	0.5068604350090027	0.7562211155891418
-1.3597208261489868	-1.285348653793335	0.08464700728654861	-0.43239083886146545	1.6970425844192505	-0.45721954107284546	-1.8796675205230713	1.1351313591003418	2.5389063358306885	-0.7927483320236206	0.02420903369784355	-1.09036123752594	0.40757274627685547	-2.1223011016845703	0.46786850690841675	1.860948085784912	-2.858680486679077	0.0743742287158966	2.1468334197998047	4.759027004241943
-1.4518353939056396	1.4581876993179321	-0.4488966464996338	4.1082611083984375	-0.566878616809845	2.538539409637451	-0.7130759954452515	-0.6734607815742493	-1.8245302438735962	2.7564237117767334	4.025577545166016	-2.5967280864715576	-2.6974117755889893	-4.226313591003418	4.340812683105469	5.3060102462768555	-0.4685969948768616	5.467110633850098	1.67232346534729	3.7056500911712646
-1.0641865730285645	1.5934269428253174	0.12689468264579773	1.0104117393493652	-1.0941638946533203	3.252277135848999	-0.6259488463401794	-1.8861814737319946	-4.292389392852783	1.8717384338378906	3.9340767860412598	-1.990599513053894	-2.53598952293396	-3.570981740951538	3.31754994392395	3.611652135848999	0.4214758574962616	2.4632086753845215	0.5014764070510864	1.8715391159057617
-4.275886535644531	-1.9508699178695679	-3.3428845405578613	0.9381877779960632	5.140353679656982	-1.2142765522003174	-0.07671463489532471	-1.8620121479034424	-0.6145304441452026	-0.9391573071479797	-2.0996365547180176	-1.334080457687378	-3.0323054790496826	1.1246424913406372	2.7505321502685547	-0.7804743647575378	-0.6300893425941467	1.9542903900146484	3.4103407859802246	0.5800625681877136
0.41219833493232727	1.2011290788650513	-0.28049203753471375	-0.9911088347434998	1.0990071296691895	-1.9186538457870483	0.09481260180473328	-0.19693616032600403	-0.9730735421180725	-0.3489553928375244	0.7728485465049744	0.04408767819404602	1.1717572212219238	1.1640589237213135	-2.2914810180664062	0.5199159979820251	1.686413288116455	0.8816697001457214	-0.7894614338874817	-1.2195284366607666
3.940767526626587	-3.589966058731079	-1.287966251373291	2.072848081588745	6.246743202209473	-1.0688070058822632	-4.768570423126221	1.7065398693084717	5.027674674987793	-0.7327597141265869	-2.2291648387908936	4.483160018920898	-1.5550593137741089	0.8032930493354797	7.531627178192139	-3.7389276027679443	-2.4547369480133057	-2.209852695465088	2.3904733657836914	0.22947531938552856
4.144784450531006	-3.1097352504730225	-0.8546854257583618	-0.37695565819740295	2.5528054237365723	-0.7034212350845337	-3.160562515258789	-2.5865724086761475	6.359058856964111	-2.735572338104248	-0.7130294442176819	-1.4717226028442383	0.5828242301940918	-0.5872520208358765	1.8089827299118042	-6.373283386230469	-1.949097752571106	-6.479548454284668	-2.1484153270721436	-6.165434837341309
-0.17778515815734863	-3.923251152038574	2.64850115776062	4.158082962036133	3.741225481033325	-1.5302929878234863	-3.313777446746826	-3.3590810298919678	5.870273113250732	0.03221376985311508	-0.4065645933151245	-0.3221040666103363	-1.3549033403396606	-2.0024142265319824	0.6951384544372559	-0.1578650325536728	-9.058273315429688	-3.443485736846924	4.1764068603515625	-2.960291624069214
-3.4998228549957275	-3.2980446815490723	0.9414595365524292	2.649217128753662	-0.7083082795143127	-2.945779323577881	-3.4116175174713135	0.4804513454437256	4.210801124572754	-4.376278877258301	1.3384642601013184	-0.2092551738023758	-3.439814329147339	-2.4822750091552734	0.01006169244647026	2.6492059230804443	-3.2035369873046875	0.19301536679267883	-0.49427762627601624	5.859328746795654
-1.6816067695617676	-0.6803568005561829	-0.17730553448200226	5.4473114013671875	-1.9306222200393677	-2.1703855991363525	-1.7449854612350464	-0.43992456793785095	2.911998987197876	-3.608637571334839	2.4562995433807373	-0.665588915348053	-4.770664691925049	-2.7058801651000977	-1.7611961364746094	2.55583119392395	-1.2476683855056763	1.8161027431488037	-3.4619853496551514	5.749541282653809
-3.8926844596862793	-1.8126760721206665	-0.36736711859703064	3.858971357345581	-3.033644199371338	-4.913013458251953	-1.7841740846633911	-0.15247170627117157	2.9208247661590576	-4.033400535583496	1.3648724555969238	-0.4692445397377014	-4.088623046875	-3.006183624267578	-3.5129621028900146	4.696853160858154	1.870466947555542	2.4865505695343018	-3.568117380142212	6.359988212585449
-4.052211761474609	-1.8083410263061523	-0.8861735463142395	4.412533283233643	-2.335219383239746	-4.768060684204102	-1.4071643352508545	-0.021172622218728065	3.6617398262023926	-3.427711009979248	2.399509906768799	-0.5322868824005127	-3.5401248931884766	-2.015944719314575	-3.2045719623565674	4.006532192230225	2.8134191036224365	1.879986047744751	-4.3547444343566895	5.488767147064209
0.6299850344657898	0.5654410123825073	0.07654055207967758	3.4864888191223145	1.308476209640503	-2.4990060329437256	0.5291699767112732	0.18583422899246216	0.9486571550369263	-1.7934690713882446	1.3102498054504395	-0.16164498031139374	-2.3149116039276123	-1.1554592847824097	-3.4358057975769043	2.7539567947387695	0.7020313143730164	1.7395870685577393	-3.187532663345337	1.9363631010055542
-1.0461615324020386	0.708335280418396	-0.7275088429450989	4.9430670738220215	0.3587128818035126	-1.365944504737854	0.22396762669086456	0.21625885367393494	3.956937313079834	-0.3204594850540161	3.7592155933380127	-2.135880708694458	-3.5963544845581055	-1.494516372680664	-0.6441776752471924	2.240654230117798	-0.009435590356588364	0.6325651407241821	-2.5783839225769043	3.7126095294952393
-0.4168557822704315	2.729607105255127	-5.970406532287598	0.07600034773349762	1.216931939125061	-0.11075692623853683	0.13608387112617493	-0.8634029030799866	2.3647117614746094	-0.1439782977104187	0.405905157327652	1.3175078630447388	-1.1551584005355835	-4.936844825744629	3.729438304901123	-2.2185285091400146	-2.547264337539673	-1.0672792196273804	-0.5018386840820312	2.5926592350006104
0.04473866894841194	-2.1021525859832764	-0.8088746070861816	-2.798224925994873	-4.950305461883545	-0.5363855957984924	-3.2344863414764404	-4.619842052459717	-5.018310070037842	1.1553914546966553	0.6557563543319702	-0.5361697673797607	-0.3092765808105469	1.5442200899124146	-1.5529834032058716	0.6618363261222839	-3.2865943908691406	-3.300112009048462	-1.9502931833267212	3.057945966720581
0.6599248647689819	-0.672773540019989	0.3389457166194916	-2.418715238571167	-1.5191442966461182	-0.24090979993343353	-3.62937331199646	-6.12539005279541	-3.6389853954315186	0.724930465221405	2.041078567504883	-0.14849430322647095	0.4766779839992523	1.9794048070907593	-4.3582634925842285	0.3194437623023987	-1.2013800144195557	-1.8858044147491455	-2.088467597961426	2.331846237182617
1.1873557567596436	2.9067575931549072	0.05809219554066658	-1.154895305633545	-0.3814016282558441	1.2863496541976929	-1.5613142251968384	1.1063445806503296	-4.19665002822876	-1.8973102569580078	1.7106223106384277	4.100800037384033	0.4058581292629242	-1.9655485153198242	3.620954751968384	-1.2812837362289429	-0.5114908814430237	1.1853511333465576	0.9504909515380859	-1.1205792427062988
0.46258780360221863	3.794797897338867	2.0103490352630615	0.07912294566631317	-0.8868779540061951	2.0477075576782227	-0.5456705093383789	-1.410448431968689	-4.123929023742676	0.2718510627746582	2.056121349334717	-0.7250562310218811	-2.057450771331787	0.5204402804374695	-1.4433724880218506	-1.7401587963104248	2.210360050201416	1.2839345932006836	-0.34725791215896606	-1.903913140296936
-0.9352768063545227	3.620342254638672	-4.512540817260742	-2.311577081680298	2.3062407970428467	1.5129988193511963	-0.9297710657119751	3.1352391242980957	0.17596925795078278	-1.6842783689498901	4.871821403503418	0.083922378718853	1.8968312740325928	-4.240108013153076	1.8575072288513184	1.6224400997161865	-7.819105625152588	1.208932638168335	-5.93306303024292	3.6846487522125244
0.01952456124126911	2.1998074054718018	-1.0480183362960815	-1.6335546970367432	-0.29332026839256287	0.313033789396286	-1.6074516773223877	3.219719409942627	-2.0353662967681885	-5.050127029418945	1.6249241828918457	3.4416885375976562	-0.35752156376838684	-2.4530889987945557	7.18369197845459	-1.6035910844802856	-4.619374752044678	1.5396983623504639	2.227121353149414	-0.6303933262825012
-3.7238619327545166	-1.7876641750335693	-0.39648476243019104	-2.6992459297180176	2.92598557472229	2.693345785140991	-0.1540425419807434	-2.106403112411499	0.8556931614875793	-1.514755368232727	-0.25231224298477173	1.4010339975357056	-0.5992261171340942	5.8165974617004395	4.4854302406311035	3.6118245124816895	-5.039653778076172	5.1899237632751465	-0.16856525838375092	4.326465129852295
3.5024662017822266	-3.7695491313934326	0.5660032033920288	-0.9095437526702881	3.5620806217193604	-1.784241795539856	-2.3464696407318115	2.6689040660858154	3.919729232788086	1.5490710735321045	-3.029637575149536	-3.917414903640747	-0.20414653420448303	-0.8988804221153259	1.2653827667236328	0.5066817998886108	-5.5451202392578125	-3.6817853450775146	2.1073012351989746	2.150759696960449
-0.22825530171394348	-8.284194946289062	0.17157845199108124	0.8476305603981018	2.4238548278808594	-1.341789960861206	-2.606628656387329	-2.3285162448883057	6.114046573638916	0.6801225543022156	-2.045850992202759	-2.240032434463501	1.6121798753738403	-1.1452325582504272	2.9599573612213135	0.3852093517780304	-2.416083812713623	-6.521235466003418	3.4466028213500977	0.9313403964042664
-0.9994376301765442	-1.524174690246582	-3.864312171936035	1.497228980064392	0.04073423519730568	-2.479586362838745	-3.111783266067505	1.2829649448394775	-1.5199607610702515	-0.041237153112888336	3.753636121749878	3.6776931285858154	1.0776166915893555	-1.5431379079818726	5.55819034576416	-4.157794952392578	-1.0742305517196655	-5.331749439239502	-3.0605506896972656	-6.213554859161377
-0.5552607178688049	-0.5961142778396606	-1.159070372581482	3.1894264221191406	1.3264142274856567	-0.36779457330703735	1.384213924407959	2.7303953170776367	1.4092174768447876	1.796608328819275	2.8486790657043457	0.47132205963134766	-0.8250642418861389	-0.8644984364509583	-0.6682367324829102	1.358345627784729	-1.9890217781066895	-4.95166540145874	-5.967164993286133	-0.48789942264556885
2.6309263706207275	0.49424514174461365	-2.9357030391693115	3.1292738914489746	0.7708311080932617	-3.0013508796691895	-3.1486055850982666	4.858699798583984	-4.792672634124756	4.098494529724121	1.3081912994384766	0.2926725149154663	-2.479635238647461	-0.40690991282463074	1.9731724262237549	3.157520294189453	-1.9485877752304077	0.6070752143859863	2.2378711700439453	8.483648300170898
2.0198636054992676	0.7549976706504822	-0.12574529647827148	-4.247714996337891	2.0238025188446045	-3.2966666221618652	-3.809847831726074	-3.7876782417297363	-3.4312844276428223	3.4518003463745117	3.5130343437194824	0.5263122916221619	-3.7942471504211426	-1.3141804933547974	0.06832512468099594	3.745147943496704	0.33148911595344543	-1.6984355449676514	-1.1177033185958862	4.236735820770264
1.2438071966171265	2.942556858062744	-3.935589075088501	-0.8491293787956238	1.822543740272522	-3.0007710456848145	1.9553136825561523	-2.6205856800079346	0.8884175419807434	1.647533655166626	-1.3639556169509888	0.14262345433235168	1.9860340356826782	5.002577304840088	-4.930232524871826	-3.2053213119506836	1.267187476158142	-0.25267237424850464	-2.1053569316864014	-2.4600396156311035
-0.5118566155433655	-3.390887975692749	-2.556563377380371	3.63161301612854	-0.027920225635170937	-2.771172046661377	0.894037127494812	2.548893690109253	1.659566879272461	-3.131767511367798	-2.239198923110962	-2.692192316055298	-1.1957905292510986	0.474515438079834	1.1264114379882812	1.6877490282058716	-3.5649538040161133	3.1212046146392822	-4.000382900238037	-2.0324037075042725
0.2582985758781433	3.2073545455932617	-1.1933705806732178	1.121158480644226	-8.411215782165527	1.72535240650177	1.194674015045166	3.630535125732422	-0.1949259638786316	-0.11223553866147995	-2.390895128250122	-0.545378565788269	0.5962919592857361	2.609187126159668	0.25699880719184875	-3.2398176193237305	2.282400369644165	2.641611337661743	-2.471673011779785	-0.44323912262916565
0.608835756778717	-1.9637471437454224	1.7727043628692627	0.6679718494415283	2.0966598987579346	0.2877062261104584	-2.3392035961151123	0.054122231900691986	3.8483502864837646	-0.2066306620836258	0.4231230616569519	2.0399973392486572	2.5461692810058594	2.349264144897461	-0.18198838829994202	-0.8095712661743164	-1.3144149780273438	-2.5216455459594727	2.2127685546875	1.6427712440490723
-4.010540962219238	-3.1287851333618164	2.958132743835449	-0.28173044323921204	1.6179544925689697	-0.7640563249588013	-2.855379104614258	1.3500206470489502	3.527679920196533	0.3449479639530182	1.805619716644287	0.37693965435028076	1.0469012260437012	0.6714325547218323	0.031245464459061623	2.885251522064209	-2.3151297569274902	-2.3991360664367676	3.245241641998291	5.032878398895264
-5.234680652618408	-2.0634994506835938	-3.1625378131866455	0.9651336669921875	5.98235559463501	-1.3551212549209595	-0.44075170159339905	-1.2838801145553589	0.1832861751317978	-0.4025256037712097	-1.8418492078781128	-2.632293462753296	-5.134322166442871	0.19265805184841156	4.544204235076904	0.0408330112695694	-1.1285068988800049	2.936194658279419	3.65472674369812	0.9482031464576721
1.151491641998291	0.024607351049780846	-4.171881675720215	-4.425321578979492	-2.448141574859619	-1.1784439086914062	-1.707589864730835	-1.308385968208313	-2.5199034214019775	2.209216356277466	-4.130003929138184	-0.3866305649280548	4.409686088562012	-6.346155643463135	-1.2095450162887573	-1.314237356185913	3.606126546859741	-0.5080050230026245	-1.3763335943222046	-0.8644272685050964
-2.4897615909576416	-2.4042863845825195	-3.360166549682617	-2.3418335914611816	0.6113987565040588	0.8330337405204773	-3.068502426147461	-0.9578230381011963	-2.881033420562744	-2.5192668437957764	-3.4049742221832275	0.1610531508922577	-0.4594581425189972	-3.7176990509033203	7.408316135406494	-3.5435352325439453	2.6888773441314697	2.3457772731781006	2.9794108867645264	-2.3435256481170654
0.32233482599258423	1.838382601737976	1.8227078914642334	1.050445556640625	0.27838626503944397	1.3488057851791382	-0.7601928114891052	0.0026824742089957	-1.1392103433609009	0.4469691812992096	1.1083543300628662	-0.623565673828125	0.046194206923246384	-0.3911875784397125	-1.8958566188812256	-0.601322591304779	3.0620923042297363	0.5594115853309631	1.4054139852523804	0.7042756676673889
1.4477498531341553	-1.5605101585388184	-0.7460324168205261	5.254239559173584	-0.13314102590084076	0.6220171451568604	0.09687642753124237	-0.2627224624156952	4.393225193023682	-0.5796676874160767	0.4341107904911041	-1.0455394983291626	-4.199692249298096	-0.5612818598747253	3.2319302558898926	-0.7624207735061646	-1.2946875095367432	-1.581162691116333	-1.7070844173431396	1.0040370225906372
-1.7526328563690186	1.602140188217163	-1.4563511610031128	3.421565532684326	3.2445666790008545	1.750185489654541	1.5407856702804565	2.1466846466064453	4.130603313446045	1.6868417263031006	4.888094902038574	-2.7150866985321045	-3.3811583518981934	-1.5894051790237427	4.4574761390686035	1.177205204963684	-0.9525649547576904	-1.2521175146102905	-0.6994637250900269	2.8737435340881348
-2.086535930633545	1.8846276998519897	-7.739550590515137	-0.6088666319847107	1.926926612854004	-1.8242192268371582	-1.3302925825119019	-0.21635185182094574	3.093604564666748	-0.3521234095096588	-0.6454454064369202	1.7969101667404175	1.2429355382919312	-5.255758285522461	3.9929864406585693	-4.079918384552002	-3.7545554637908936	-0.9479241371154785	0.21594907343387604	-0.12626875936985016
-0.8757475018501282	2.9675049781799316	1.122405767440796	-1.0372912883758545	-0.9670376181602478	-0.2802552878856659	-0.9285404086112976	0.08942775428295135	-0.2326943427324295	1.4740540981292725	1.8323798179626465	-1.4334102869033813	1.254581093788147	1.5670359134674072	-3.6415374279022217	-1.1191596984863281	1.895789384841919	0.8786367774009705	-0.7825895547866821	-1.0528507232666016
-0.9221405982971191	1.9986037015914917	-5.599584579467773	2.044553756713867	-2.2862892150878906	-3.1676158905029297	-1.7096192836761475	-2.455918788909912	4.988163471221924	1.183323860168457	-3.7386035919189453	1.8141189813613892	-2.9208126068115234	1.0004628896713257	1.3811167478561401	-8.712194442749023	-5.987755298614502	-4.204833030700684	1.052536129951477	-3.5796773433685303
0.37139275670051575	-0.8360012173652649	0.9009205102920532	-0.4939265549182892	0.49517562985420227	-0.02832683175802231	2.4025657176971436	-0.35787177085876465	-1.2577860355377197	-0.5908714532852173	-3.147613048553467	0.8846370577812195	-0.764413058757782	-0.6924363970756531	0.7248706817626953	1.2429662942886353	3.444141149520874	0.07815109938383102	0.2074485868215561	-3.1327884197235107
-0.03464487940073013	2.526264190673828	-1.773888111114502	-6.455081462860107	-1.9036009311676025	2.80627703666687	-1.7520239353179932	-1.1328644752502441	0.745610773563385	0.9603322148323059	-3.3238394260406494	-0.7561279535293579	1.1694822311401367	-7.481986999511719	-0.682670533657074	-1.0860527753829956	1.3273776769638062	0.20297996699810028	-4.4703755378723145	0.15186794102191925
-4.395371437072754	0.23091086745262146	1.2098171710968018	-1.3936864137649536	0.3823487162590027	-1.7386033535003662	-1.6306672478094697e-05	-0.7162474989891052	1.2490395307540894	1.8384474515914917	-2.021411657333374	-0.4689871370792389	1.1949962377548218	3.16737961769104	-4.338585376739502	-2.0758249759674072	3.866730213165283	-1.4716670513153076	2.8214237689971924	-0.19726908206939697
-2.8123726844787598	0.40983548760414124	2.186070203781128	-1.0605589151382446	1.3800145387649536	-3.2703442573547363	-0.12300531566143036	-1.3371663093566895	2.15248703956604	3.9475200176239014	-1.5358190536499023	-1.532983660697937	1.965161681175232	5.278428077697754	-6.048790454864502	-1.737461805343628	-0.2935853600502014	-2.7733213901519775	3.923248529434204	-3.7284579277038574
2.164365530014038	0.9025474786758423	0.8287789821624756	-0.890419065952301	2.8203353881835938	-1.4029442071914673	1.530306100845337	1.5437211990356445	-2.357004165649414	-0.4648095369338989	0.28594347834587097	1.7302608489990234	2.4886813163757324	-0.3226732611656189	-5.887795925140381	3.122370481491089	-0.25718972086906433	-0.6404860019683838	-6.1652326583862305	-1.9850274324417114
0.8179216384887695	1.0432111024856567	-0.5425241589546204	1.4195011854171753	2.5550475120544434	0.2803131341934204	1.5569169521331787	3.1521830558776855	-2.947439432144165	0.8709238171577454	-1.741011381149292	1.5527962446212769	3.25486421585083	0.6069610118865967	-7.264593124389648	1.8096349239349365	-2.073133945465088	0.5609464049339294	-6.372076511383057	-0.6047056317329407
1.248436689376831	1.360844612121582	1.6469687223434448	-0.8381065130233765	-1.2082737684249878	-0.6102626323699951	0.22681808471679688	0.24836483597755432	-1.507822871208191	1.5096129179000854	-1.6314765214920044	-1.078842043876648	-0.1922284960746765	0.3544459044933319	-3.923119306564331	-0.11775977909564972	2.7674989700317383	-0.19432078301906586	-1.3820099830627441	-1.585051417350769
-1.2697725296020508	-0.40363216400146484	-0.7537315487861633	-0.06165924295783043	2.625802516937256	-2.1299691200256348	2.7112348079681396	1.7691147327423096	-1.849387764930725	1.0305941104888916	-2.2218644618988037	0.8416878581047058	1.870072603225708	-1.7943235635757446	-5.578599452972412	4.338901042938232	0.31055888533592224	0.5617766380310059	-5.726494312286377	-2.065002202987671
-3.957615852355957	-0.0009852228686213493	-0.8420871496200562	1.4117928743362427	-1.1325877904891968	-0.7708898186683655	-2.0825068950653076	0.9170851111412048	0.36856967210769653	-0.754327654838562	2.7179982662200928	-2.2679555416107178	1.6218817234039307	-0.033403508365154266	-3.19504451751709	1.7986767292022705	3.8394734859466553	4.737717628479004	-4.721175670623779	-0.20684057474136353
-0.1295233517885208	0.8275191783905029	0.9954565763473511	-1.2516218423843384	-3.9658169746398926	0.9400597214698792	2.0961074829101562	2.48711895942688	2.2810797691345215	-2.1455416679382324	0.3507777452468872	-5.175535202026367	-0.9027723670005798	0.2624983787536621	0.09097974747419357	3.504664659500122	2.0917389392852783	3.8491268157958984	-3.8228135108947754	1.2596416473388672
0.8916187286376953	-2.8891401290893555	0.37461283802986145	3.778104782104492	-1.6001884937286377	-5.616772651672363	-3.8556196689605713	-1.8955397605895996	1.1161290407180786	-5.2101593017578125	0.7274720668792725	3.5477726459503174	-0.028385404497385025	2.170902729034424	-1.9182900190353394	-4.741305351257324	-0.41010236740112305	-3.472003698348999	-0.9593290686607361	-5.107665538787842
8.790613174438477	-3.226912260055542	-1.5024611949920654	5.244864463806152	0.950202465057373	-7.748385906219482	-7.832135200500488	2.8909010887145996	9.882706642150879	-1.4807145595550537	-2.1395833492279053	-3.259749412536621	-3.03452467918396	-1.732425570487976	2.6707515716552734	-5.637814998626709	-2.669253349304199	-1.6054463386535645	0.4539341926574707	-2.3438360691070557
-2.0674874782562256	0.6625519394874573	-3.810765266418457	-1.8305526971817017	5.120580673217773	-3.150498628616333	-2.350959300994873	0.4385261535644531	-2.5992226600646973	-0.20994862914085388	3.94244384765625	7.422926902770996	1.7234293222427368	-0.8329198956489563	8.875557899475098	-0.19267378747463226	-3.2660412788391113	-0.17390801012516022	2.5657405853271484	-2.2966678142547607
0.30673640966415405	-1.5200222730636597	-2.8971126079559326	-0.9075215458869934	2.2548611164093018	-1.7136812210083008	-3.1866111755371094	-0.365253210067749	2.332782506942749	-0.39691677689552307	-0.20944014191627502	0.5212454199790955	0.05169021338224411	-4.232265949249268	0.9194550514221191	-1.6973258256912231	-3.68816876411438	-4.5859479904174805	-0.21051830053329468	1.9088845252990723
-4.318597316741943	-4.17525053024292	4.081843376159668	-0.5353446006774902	1.320253849029541	0.9612830877304077	-1.5552245378494263	2.126204252243042	3.073363780975342	2.213348627090454	1.4454549551010132	-1.0984638929367065	0.7877940535545349	0.19020506739616394	0.9041190147399902	5.378987789154053	-3.3601908683776855	-2.853003740310669	1.944998025894165	4.0656819343566895
-0.9437993168830872	1.3798502683639526	1.1255016326904297	-2.764054536819458	-0.4830809533596039	-1.8194143772125244	-3.5278122425079346	2.5164239406585693	-0.8055833578109741	0.3453541696071625	2.122924566268921	-0.9923077821731567	3.7436230182647705	-1.54203462600708	-4.43410062789917	0.32221388816833496	4.692811012268066	2.002124786376953	-3.5832324028015137	-1.3652424812316895
-0.5972502827644348	3.0457587242126465	1.1887184381484985	1.9236316680908203	-0.18292813003063202	4.401439189910889	0.2251489907503128	-2.071434736251831	-4.4950270652771	1.334391713142395	3.8863236904144287	-2.124605655670166	-2.45430850982666	-2.6879072189331055	2.885645866394043	2.7487916946411133	0.6312251091003418	4.2963995933532715	0.8914244174957275	-0.1515573114156723
0.5679125189781189	0.9769765138626099	1.339273452758789	-2.602226734161377	-0.36282268166542053	1.645843744277954	-2.4538180828094482	1.636997938156128	-0.9034456014633179	-2.8587050437927246	2.06309175491333	4.471797943115234	5.390700340270996	1.1624791622161865	3.387375831604004	-0.613775908946991	0.926101565361023	1.9502567052841187	2.8278560638427734	0.5888933539390564
-0.34577056765556335	-2.4139621257781982	-0.628995418548584	-4.833759784698486	-4.959818363189697	-1.3243154287338257	-3.0719597339630127	-6.2330474853515625	-5.035550594329834	1.7306305170059204	2.104412317276001	-1.1824954748153687	-2.1515586376190186	0.7976990938186646	0.7677991390228271	1.9745755195617676	-4.237435340881348	-4.403026103973389	-2.6647934913635254	1.442737102508545
-1.3151170015335083	-2.048257350921631	0.1190490797162056	-5.51942777633667	-3.757469654083252	0.005350320599973202	-2.074519395828247	-4.9120354652404785	-4.1378350257873535	0.953352153301239	1.1630487442016602	0.0314677357673645	-3.6522939205169678	4.714136600494385	1.4448496103286743	1.5804692506790161	-3.1440532207489014	-2.905418872833252	-4.620266914367676	1.98604154586792
-3.922532796859741	2.827044725418091	0.8448582291603088	1.9514670372009277	-2.594688892364502	1.0431369543075562	1.6973549127578735	-0.6874455809593201	5.674539089202881	-2.0298831462860107	0.1855861246585846	-4.121476173400879	2.699038505554199	-4.902060031890869	-1.561429738998413	-2.3165550231933594	0.638462245464325	0.10460006445646286	5.785913944244385	-2.672450542449951
0.602944552898407	2.01822566986084	-0.2569994032382965	-4.662871837615967	-1.4975980520248413	0.23471802473068237	-1.7804549932479858	-1.5158240795135498	-2.935183048248291	2.67342209815979	0.20858092606067657	-1.0849673748016357	2.7027764320373535	-1.4951987266540527	-4.114192485809326	0.5748503804206848	3.153978109359741	-0.20470497012138367	-2.2341604232788086	0.9617667198181152
-0.6586507558822632	5.1776580810546875	2.02620792388916	-0.793948233127594	-1.4491608142852783	4.0277791023254395	-0.706311821937561	-1.5414543151855469	-5.753861904144287	-0.23726823925971985	2.6498172283172607	0.7428116798400879	-3.0744454860687256	-1.4512931108474731	0.4375491440296173	-2.1329188346862793	1.3627508878707886	1.3070176839828491	-0.2934826612472534	-1.372387170791626
6.341782569885254	-0.9960190653800964	-2.7821543216705322	3.343200206756592	-0.6279165744781494	-2.9618453979492188	-3.4165992736816406	-0.574464738368988	3.7433600425720215	5.894594192504883	1.1825627088546753	-1.4105069637298584	2.9460625648498535	4.9477972984313965	0.9913537502288818	-5.7916083335876465	-1.5953720808029175	-4.818151473999023	-1.2267177104949951	-5.568305015563965
-1.1318130493164062	-1.5132830142974854	-1.222177505493164	-0.7666917443275452	0.23344194889068604	-1.5838052034378052	2.0151491165161133	2.1586270332336426	-1.7277657985687256	-0.09086863696575165	-2.7575371265411377	-2.6559336185455322	1.179402470588684	0.22770436108112335	0.030311288312077522	2.150319814682007	-1.0803518295288086	1.9221019744873047	-1.0883415937423706	-2.682417154312134
3.1837806701660156	-2.863290786743164	-5.175713062286377	4.546409606933594	-0.5327616333961487	2.272066593170166	-4.797661781311035	-1.2343872785568237	1.5407088994979858	-0.7342156767845154	-0.3566799461841583	-3.2785933017730713	4.332275867462158	2.731926918029785	2.9219486713409424	-9.253775596618652	-7.985078811645508	-2.1417832374572754	-1.5434801578521729	-5.5861124992370605
1.188933253288269	2.0594160556793213	-1.3924239873886108	-2.548523426055908	1.1170098781585693	-0.345144122838974	-2.6279726028442383	5.180287837982178	-5.005690097808838	-3.0590832233428955	0.9555092453956604	3.13150691986084	1.3033555746078491	-5.22431755065918	3.52569580078125	-0.7554490566253662	-2.8944406509399414	0.12644463777542114	0.034402601420879364	0.4244905412197113
6.351029872894287	-7.78741455078125	-5.617397785186768	3.068406105041504	4.8068766593933105	-2.1436004638671875	-5.976413249969482	-7.9587812423706055	7.986541748046875	-4.879286766052246	-1.8278427124023438	2.5455281734466553	2.1569247245788574	3.358685255050659	2.431766986846924	-5.726301193237305	-1.6431796550750732	-2.5386598110198975	-6.017867565155029	-1.7261204719543457
-2.5786490440368652	0.38320839405059814	-6.815320014953613	2.782609701156616	0.7385387420654297	-2.237640857696533	-1.8084712028503418	-1.1258387565612793	4.439478397369385	0.45494163036346436	0.7069648504257202	2.539858341217041	1.0478006601333618	-2.1082935333251953	3.8810698986053467	-3.5522687435150146	-3.2026758193969727	-1.3496384620666504	1.6670795679092407	1.1683653593063354
-2.2331950664520264	1.565630316734314	-3.598804235458374	0.806016206741333	0.37951940298080444	0.802559494972229	1.043668508529663	-0.8824293613433838	2.520442247390747	1.1911989450454712	1.395722508430481	0.98201984167099	0.6745591759681702	-1.8098337650299072	1.6481378078460693	0.00844191387295723	-0.29620620608329773	-1.0290589332580566	0.056074414402246475	2.14070463180542
-0.4447520077228546	-0.7278413772583008	-4.019322395324707	0.08334211260080338	-1.5647979974746704	-0.6612734198570251	-0.9165224432945251	-2.328341245651245	3.6785707473754883	-0.43310782313346863	-2.5550575256347656	-0.25846534967422485	1.621401071548462	-3.5727624893188477	0.521553635597229	-3.239365577697754	0.6715795993804932	-2.2607195377349854	-0.14544005692005157	-1.7292588949203491
-5.845460414886475	3.509871482849121	-7.669694423675537	-0.5986306071281433	0.1404489427804947	-3.944859027862549	0.815477192401886	2.126298666000366	3.019603729248047	0.20944422483444214	1.4574357271194458	3.3093645572662354	2.4872357845306396	-2.9600117206573486	3.505951166152954	-0.4253461956977844	-2.1902668476104736	0.7715330719947815	2.3507256507873535	2.806410789489746
-0.7537159323692322	0.020906295627355576	-1.3768327236175537	4.919485569000244	3.942423105239868	2.6916680335998535	1.8786580562591553	0.6857306361198425	5.814396858215332	1.3359333276748657	3.5186257362365723	-2.3546769618988037	-2.437708854675293	-0.044063083827495575	4.397007465362549	0.08055666089057922	-1.1166359186172485	-1.438230037689209	-1.2940247058868408	0.552122175693512
2.4164316654205322	0.8817794322967529	-10.171706199645996	0.1407821774482727	2.385495185852051	-2.8477938175201416	-1.0184221267700195	-4.027730464935303	3.4854207038879395	-0.9577382802963257	-2.245131254196167	3.068291664123535	0.6744754314422607	0.4019371271133423	2.4613165855407715	-5.040823459625244	-4.207812309265137	-0.6677150130271912	-2.5833308696746826	3.059492588043213
1.551334023475647	2.8859946727752686	0.13747000694274902	-1.815725564956665	-1.0086297988891602	-0.008928014896810055	-1.466401219367981	-0.16999678313732147	-1.5280756950378418	0.41834932565689087	5.174592018127441	4.00078010559082	4.67030668258667	3.445753574371338	0.3371630311012268	0.4232444763183594	-0.38863518834114075	0.6058505773544312	-1.2563581466674805	-0.014888658188283443
0.6852898001670837	-0.5457386374473572	-5.175844192504883	-1.5495802164077759	-1.0434134006500244	0.6129680275917053	0.5081431865692139	-1.880100131034851	1.4162349700927734	0.7735514640808105	-0.3031071722507477	0.46439802646636963	2.975909471511841	-7.141360759735107	5.0453104972839355	-0.7896504402160645	4.41333532333374	-2.0682005882263184	-2.1650567054748535	-2.4027035236358643
-1.9046869277954102	-3.134951114654541	3.2684872150421143	-2.3048436641693115	-5.4824299812316895	0.3229447305202484	-0.8057102560997009	-0.5852873921394348	2.336083173751831	0.6500970721244812	-2.4876880645751953	0.2587491273880005	0.06574473530054092	-0.7783159613609314	2.674884557723999	3.7918927669525146	-4.676059246063232	-2.8851304054260254	5.035716533660889	3.699989080429077
3.7688233852386475	-2.7708518505096436	-1.7559082508087158	1.6317085027694702	-5.2030558586120605	-6.043527603149414	-2.0492591857910156	-6.034199237823486	3.636758327484131	-2.315361976623535	0.7196996212005615	-2.007520914077759	-0.20867395401000977	0.9530198574066162	4.83846378326416	-2.736947536468506	-2.1640663146972656	-0.8761026859283447	0.6657262444496155	-10.460796356201172
3.030358076095581	2.783158779144287	1.9835491180419922	-1.2181384563446045	2.241718292236328	-1.2277312278747559	-2.747817277908325	3.1136741638183594	-2.5887911319732666	1.8162751197814941	1.439367413520813	2.0118956565856934	0.6373645067214966	3.1368985176086426	-1.9842356443405151	0.36125844717025757	2.370725631713867	1.8513143062591553	0.2590564787387848	1.173296332359314
6.392218589782715	-1.7921844720840454	-0.6852125525474548	-0.18508020043373108	2.4746170043945312	1.8698455095291138	-4.3738112449646	-0.15738187730312347	-4.5500054359436035	-1.426345944404602	0.010990926995873451	1.465469241142273	-0.3264433741569519	1.0265147686004639	2.8923354148864746	-0.9913150668144226	5.896895885467529	3.060275077819824	-4.827879428863525	1.374510407447815
4.179945945739746	2.4807496070861816	-0.8593831658363342	-2.0597031116485596	2.3831558227539062	-3.8278141021728516	-4.161798477172852	1.7523024082183838	-2.0747785568237305	4.942046165466309	1.4504269361495972	1.0948536396026611	-2.897732734680176	-0.3743017017841339	1.57633376121521	4.483227252960205	-0.013078360818326473	2.9850962162017822	0.8348275423049927	6.553056716918945
-1.6477816104888916	1.2458752393722534	0.21833951771259308	-0.611269474029541	-0.598426342010498	-2.1149919033050537	-2.1620535850524902	0.00969967246055603	-0.7497833371162415	0.9914684891700745	2.0180158615112305	-1.9448696374893188	2.416377305984497	3.0515999794006348	-5.599573612213135	-1.09730064868927	5.090758800506592	1.8206815719604492	-3.2804977893829346	-2.764437437057495
-0.02638034150004387	-0.6820746660232544	0.32474377751350403	-2.0984723567962646	-1.9174220561981201	0.32654526829719543	-3.874021291732788	-6.408048152923584	-3.6380655765533447	1.01667058467865	1.5373371839523315	0.1073598712682724	1.6106959581375122	2.0421864986419678	-5.282731056213379	0.24255475401878357	-0.1591818928718567	-1.3738470077514648	-1.5578192472457886	2.6802279949188232
-0.05208461359143257	2.7700717449188232	-1.8345247507095337	-6.7304463386535645	-5.465038299560547	-1.3959966897964478	0.2948528230190277	0.31821975111961365	0.4684838652610779	1.228217363357544	-6.583380699157715	-1.5527372360229492	0.3093501031398773	-5.141435623168945	-1.378159999847412	-0.9901409149169922	4.954880237579346	0.09836895763874054	0.7573555707931519	1.8663315773010254
-0.9287614822387695	5.0814385414123535	3.0299885272979736	-0.5807992219924927	-1.3441245555877686	3.5196373462677	0.05338320508599281	-1.8198692798614502	-5.1428351402282715	0.24355824291706085	3.5106942653656006	-0.4000260531902313	-2.1928274631500244	-1.180126428604126	0.02760271728038788	-0.5932985544204712	0.45121023058891296	1.7660002708435059	0.5730840563774109	-2.956594467163086
-5.698667526245117	-3.0775346755981445	2.3998498916625977	-0.3460817337036133	0.1732892394065857	-0.8643929958343506	-2.207156181335449	2.2818901538848877	3.014016628265381	1.1289831399917603	2.5149106979370117	-1.3779265880584717	1.0324289798736572	-0.5615719556808472	1.8245848417282104	3.5289387702941895	-2.5837700366973877	-2.0643365383148193	3.530953884124756	2.843867063522339
-0.4122884273529053	3.956801652908325	1.0991967916488647	-4.143222808837891	-0.5461671948432922	1.2748982906341553	0.039125677198171616	0.05232597887516022	-3.838768243789673	-1.3898329734802246	1.0552390813827515	4.070956707000732	2.4733123779296875	1.9665504693984985	-1.5649274587631226	1.2971798181533813	0.982871949672699	3.8357930183410645	-1.8588266372680664	0.32889652252197266
-0.882644534111023	0.8898467421531677	0.34583351016044617	-1.0674448013305664	0.15716445446014404	-0.9922241568565369	-0.663795530796051	0.5128124952316284	-0.6052849888801575	1.1395208835601807	0.99941086769104	-1.4381284713745117	1.7123881578445435	1.4316290616989136	-2.4851298332214355	-0.19008325040340424	2.123493194580078	0.6997836232185364	-0.9997840523719788	-1.1591323614120483
0.15898312628269196	0.8144966959953308	0.057575128972530365	-3.064296245574951	-2.1045949459075928	0.992335319519043	-0.24422645568847656	-2.384186029434204	-0.1177511066198349	2.1531097888946533	-0.830855667591095	-3.5406744480133057	1.6113191843032837	-0.7723854184150696	-1.6967145204544067	-0.043606579303741455	4.235388278961182	0.766447126865387	-0.0545281283557415	0.2662915289402008
-7.726266860961914	-1.1453626155853271	-1.8159523010253906	-2.5624969005584717	3.192336320877075	0.3486897051334381	0.7796858549118042	0.16866172850131989	-5.133260726928711	-1.6013187170028687	-2.4971563816070557	0.9758431911468506	-1.9975746870040894	0.055572107434272766	-0.36312299966812134	0.7530275583267212	-2.4249348640441895	1.3052045106887817	-2.744904041290283	-2.2250940799713135
-1.9320751428604126	0.9585416913032532	-0.5772304534912109	3.5639405250549316	0.9735123515129089	3.337001085281372	-0.7979977130889893	-0.001738992752507329	2.4956634044647217	1.3665621280670166	4.688612937927246	-0.9197442531585693	-0.5557879209518433	-1.5225803852081299	1.5370110273361206	0.030631454661488533	-0.16259029507637024	-1.3370472192764282	-0.28978079557418823	4.633082389831543
-1.4080584049224854	4.011190891265869	-0.015227912925183773	-0.748652994632721	0.4983237087726593	-1.7348051071166992	-1.7650717496871948	2.4053561687469482	-0.8418737053871155	6.035094738006592	3.172116756439209	-0.24366240203380585	-0.6337553262710571	-0.6138936281204224	-0.34281376004219055	2.031289577484131	1.951568841934204	0.6799939274787903	2.121061086654663	2.158911943435669
0.9754986763000488	-0.19893623888492584	-0.1924220621585846	1.6604597568511963	0.3940630257129669	2.7655837535858154	-0.4615173935890198	-5.237246036529541	7.357268333435059	-2.707442045211792	-2.9745278358459473	1.766425371170044	-4.784392833709717	0.09244618564844131	0.09799075871706009	-4.285526275634766	-7.174316883087158	-4.044259071350098	-2.798900842666626	0.4514450430870056
3.200934886932373	2.584521532058716	0.21747177839279175	0.02646230347454548	2.3128128051757812	-4.220987796783447	-3.1869750022888184	2.148829221725464	-2.0680673122406006	7.181967735290527	3.471083879470825	-0.00196977611631155	-2.6403446197509766	1.454440712928772	1.4250859022140503	4.337962627410889	1.2697632312774658	1.7710727453231812	1.749619483947754	2.7593307495117188
-1.1450732946395874	-0.5829974412918091	-0.521554708480835	0.2623680830001831	2.561575174331665	-0.8869494795799255	3.7759010791778564	3.4406230449676514	0.09056955575942993	-0.718174934387207	-1.4159578084945679	1.5438882112503052	-0.8670052886009216	-0.6032885909080505	-2.091611623764038	4.413464546203613	-2.2252349853515625	-0.3394942581653595	-7.829686641693115	-1.2782044410705566
1.545734167098999	1.4323517084121704	1.2849780321121216	-7.253372669219971	0.9470202922821045	4.244018077850342	-0.6769963502883911	2.0525267124176025	-1.2970473766326904	0.19719436764717102	-2.9531402587890625	4.628208637237549	4.478046417236328	-1.738916039466858	3.581326723098755	-1.7658421993255615	-3.276618719100952	-2.665565252304077	0.12202762812376022	-2.0252747535705566
-1.4699760675430298	2.215508460998535	1.4208409786224365	-2.4845964908599854	-1.5511021614074707	-2.1995909214019775	-3.8182966709136963	1.7465099096298218	0.03701053932309151	0.8870947957038879	2.930337429046631	-1.752278208732605	2.0571200847625732	-0.41687631607055664	-4.760503768920898	-1.1999640464782715	4.880082607269287	0.7047221660614014	-2.9575557708740234	-0.5488163232803345
0.3006584942340851	4.082466125488281	1.499626874923706	-3.1026077270507812	-0.8130631446838379	1.3963814973831177	-0.5191157460212708	-0.9140442609786987	-3.7905893325805664	-0.7465903759002686	0.6399801969528198	4.3671875	1.6217454671859741	0.7177978754043579	-3.019286632537842	0.751106321811676	1.8518388271331787	2.9699783325195312	-2.197894811630249	0.49621713161468506
-1.219374179840088	4.197132587432861	-0.33575567603111267	-2.6920738220214844	-2.7525813579559326	-0.9473567605018616	0.5391353368759155	-1.8151323795318604	-2.5985782146453857	-2.2064743041992188	2.081143856048584	7.626637935638428	0.9636535048484802	1.3649550676345825	0.4863497316837311	1.182447910308838	-2.5684313774108887	1.3750357627868652	-1.7375948429107666	-1.9355520009994507
-3.7858963012695312	4.576377868652344	1.4304723739624023	-5.297389030456543	-2.4927449226379395	2.4120004177093506	-0.4973769187927246	-1.8608165979385376	-5.9426679611206055	-3.55275821685791	0.09155180305242538	5.735359191894531	-1.717079520225525	1.807316780090332	-1.5642788410186768	0.13271820545196533	-1.944226861000061	3.7428812980651855	-3.755582571029663	0.8474341034889221
-0.19068478047847748	1.1314665079116821	1.7425205707550049	-0.622448205947876	-4.221333980560303	1.7436636686325073	-3.2093563079833984	-3.630070209503174	-1.2807066440582275	1.8736391067504883	-1.3433153629302979	-0.8022122383117676	2.029170274734497	-0.7800576686859131	-4.980175495147705	-1.638136863708496	-2.0888447761535645	-1.1644030809402466	2.46795392036438	1.9917409420013428
1.618851900100708	0.322733074426651	1.3066685199737549	-2.2556357383728027	-1.4503586292266846	-0.18823957443237305	-0.3210158944129944	-0.7250910401344299	-1.3060369491577148	-0.2775050103664398	1.486290454864502	1.3066227436065674	1.0236989259719849	1.1493279933929443	0.5639598965644836	2.0067172050476074	0.20827367901802063	-0.14181390404701233	-0.7124813199043274	0.9305283427238464
1.1361759901046753	5.890964508056641	3.0436460971832275	-3.167508602142334	0.4875861406326294	-1.2885353565216064	-2.7897708415985107	3.4148664474487305	-2.07023286819458	4.987681865692139	2.0432071685791016	2.0637335777282715	0.13091449439525604	1.7289460897445679	-2.201448917388916	1.3834480047225952	3.115861415863037	2.102019786834717	1.8028324842453003	0.713569164276123
-5.283258438110352	-2.5642433166503906	1.643330693244934	-3.362790584564209	-0.45559486746788025	-0.7569351196289062	-4.945003986358643	1.8668779134750366	1.7596460580825806	-0.8125759363174438	2.839299201965332	-4.080496788024902	3.7170569896698	-0.4070870876312256	-0.6324039101600647	1.8238611221313477	-1.285078763961792	1.7672303915023804	-0.404893159866333	0.2347886711359024
-2.1950249671936035	0.09688684344291687	2.3599555492401123	-4.959406852722168	-1.422842025756836	0.19086283445358276	-0.9716179966926575	-1.8686989545822144	-0.7835158705711365	-3.336057186126709	3.4693164825439453	-0.9385997653007507	-1.2849006652832031	-0.16407421231269836	2.35349702835083	0.5466507077217102	-0.386945515871048	-2.636462450027466	1.5463289022445679	2.4999921321868896
0.6772240400314331	0.21994805335998535	-0.6682183742523193	1.3532042503356934	1.5410518646240234	0.9425489902496338	2.6824755668640137	3.583090305328369	-2.96958589553833	0.8358412384986877	-2.7986555099487305	-0.010358009487390518	4.079090595245361	-0.5877789855003357	-4.594085693359375	3.999077081680298	-2.1189873218536377	3.5520365238189697	-5.853160381317139	-3.138118028640747
-1.6344895362854004	0.6200984716415405	-0.7559723258018494	-2.265566110610962	-0.4975166916847229	-3.172304391860962	2.1882638931274414	2.902515172958374	-1.2126996517181396	-0.10927664488554001	-1.6712125539779663	-3.029432535171509	0.6888778805732727	0.13472265005111694	-2.0175399780273438	3.7190775871276855	1.0641608238220215	3.7987122535705566	-2.772338390350342	-2.599733829498291
2.296842098236084	2.822387933731079	0.7266245484352112	-0.24893929064273834	1.7428561449050903	-3.724059820175171	-2.96551513671875	2.8311667442321777	-2.3625388145446777	5.717096328735352	2.4070346355438232	1.0967726707458496	-2.319974184036255	1.4551441669464111	0.8287204504013062	4.059478759765625	2.0957937240600586	2.685683488845825	1.753930926322937	2.979299306869507
3.1294968128204346	-3.1030187606811523	2.477431297302246	4.028993606567383	1.5406454801559448	2.4079082012176514	-1.7898218631744385	-4.237044811248779	5.278077602386475	0.13361148536205292	0.49209368228912354	-0.5777588486671448	-4.382585525512695	-1.6326223611831665	1.3980897665023804	-0.13809338212013245	-2.9442458152770996	-5.044606685638428	-0.9282540678977966	0.8556054830551147
-0.1807023286819458	0.8923856616020203	1.2059006690979004	-1.1170800924301147	-0.734389066696167	-0.27362021803855896	-1.4085559844970703	0.5072494149208069	-1.126862645149231	0.07317542284727097	0.31219497323036194	-1.6974666118621826	0.20849794149398804	2.1216530799865723	-2.8414809703826904	-1.2356581687927246	3.937748908996582	1.3481231927871704	-2.078418016433716	-0.7310526967048645
-0.3385351300239563	2.6737873554229736	-1.1614609956741333	-0.3276347815990448	-0.4680340886116028	0.2744521498680115	1.5879154205322266	-0.745646059513092	-0.7003238201141357	2.1394166946411133	-1.7581356763839722	-0.8233242630958557	-0.4432331323623657	-0.8580152988433838	-1.012123703956604	1.5395013093948364	-0.27241966128349304	2.0340912342071533	2.4160914421081543	1.6171635389328003
-1.2059944868087769	-2.4244303703308105	1.6392865180969238	1.7362957000732422	-1.1221051216125488	0.6769044995307922	0.11024776101112366	1.2101060152053833	2.5067756175994873	0.7893151044845581	0.6919217109680176	-1.5781733989715576	-1.19867742061615	-1.742995023727417	1.905158519744873	4.22076416015625	-1.6734111309051514	-0.6545849442481995	-0.2445768117904663	2.1087758541107178
-2.564868688583374	1.6456670761108398	-1.3742326498031616	2.5947680473327637	0.3558066189289093	0.4608599543571472	-0.4270167350769043	-0.30108642578125	-1.969728946685791	-1.478941559791565	2.5297443866729736	3.057386875152588	-1.4215160608291626	-4.683282852172852	0.385672926902771	0.40798234939575195	0.8030217289924622	-0.4942384362220764	-0.7070456147193909	0.8775574564933777
-5.991574287414551	-2.974371910095215	-2.292414665222168	-1.7564198970794678	4.859805583953857	-1.1324793100357056	-1.2787983417510986	-2.9341869354248047	-1.1988493204116821	0.8428478837013245	-2.4965693950653076	-2.9942142963409424	-1.7388511896133423	0.01934325322508812	0.17704738676548004	0.9231010675430298	0.3811998963356018	1.2415560483932495	3.80861496925354	2.2040655612945557
6.912022590637207	1.4170607328414917	-3.682593822479248	1.237282633781433	3.610866069793701	-1.5465160608291626	-5.100374698638916	-2.014258623123169	-5.818854808807373	0.021328648552298546	-1.4527133703231812	5.995559215545654	2.076843023300171	-6.656217575073242	2.076718807220459	-4.700362682342529	-3.2958433628082275	-1.6205166578292847	1.584263563156128	-4.41066312789917
-5.782169818878174	-3.8689682483673096	2.815652370452881	0.07832062989473343	0.6645337343215942	-0.3055979013442993	-3.0291531085968018	2.710055351257324	1.7493467330932617	0.8138685822486877	2.3417158126831055	-0.33220431208610535	1.2615007162094116	-0.29741495847702026	2.1648848056793213	3.886305809020996	-2.496417999267578	-1.2871768474578857	3.17868971824646	2.9771201610565186
2.015732526779175	1.1595782041549683	-0.09114930778741837	0.4243113100528717	-2.1768267154693604	-0.812690019607544	-1.168171763420105	-0.282746821641922	1.9784820079803467	-1.5745258331298828	5.026111602783203	3.269981861114502	4.685001373291016	1.266787052154541	1.2270338535308838	1.4885096549987793	0.31194573640823364	0.6269041895866394	-0.24340517818927765	2.2136030197143555
5.70901346206665	-1.3156888484954834	1.0468311309814453	3.021646738052368	-1.6564096212387085	2.6768171787261963	-0.4871116280555725	-2.704482078552246	-1.3320527076721191	-1.1110775470733643	-4.689773082733154	1.61943781375885	5.009921550750732	-2.857224941253662	-5.017697811126709	0.9424855709075928	-3.1126596927642822	2.855992317199707	-4.867416858673096	-4.517791748046875
2.078799247741699	3.947389602661133	-0.9521086812019348	-2.6791813373565674	2.7346017360687256	-1.9335824251174927	-2.4612715244293213	3.7842371463775635	-2.0594522953033447	5.274110317230225	0.7761407494544983	0.2651224136352539	-2.707521915435791	0.7433768510818481	0.7297422885894775	3.0680038928985596	2.2848527431488037	2.263293981552124	1.4715158939361572	7.944492340087891
-4.411190509796143	1.1479195356369019	-2.7763407230377197	3.0896053314208984	1.3077963590621948	0.6246328949928284	-0.7907989621162415	3.000216484069824	1.8525645732879639	0.6251518726348877	3.2172389030456543	1.5894379615783691	0.1468866765499115	-5.079558849334717	0.27320075035095215	-0.16255071759223938	0.6199800372123718	-2.961411952972412	-0.9938745498657227	4.507112503051758
0.3527277410030365	3.004384994506836	3.2882473468780518	-4.120245456695557	-0.6746063828468323	-2.787062406539917	-2.744662284851074	3.716933488845825	-2.3111331462860107	5.011736869812012	1.0085614919662476	0.2288634330034256	-1.6441227197647095	1.7988159656524658	-0.2831433415412903	2.622702121734619	1.2138988971710205	0.758577823638916	1.400128960609436	-0.08765805512666702
-3.5002315044403076	3.5671942234039307	2.079627275466919	-5.2503437995910645	-3.4217400550842285	-3.263662576675415	-0.116233691573143	5.239080429077148	-2.6501588821411133	3.9478085041046143	-0.6310046315193176	-0.6660762429237366	-2.0086326599121094	0.7984305024147034	0.6847655177116394	2.625232219696045	-1.5971146821975708	0.7629076838493347	1.0239367485046387	-2.3352792263031006
-1.5991768836975098	-2.764897584915161	1.0753439664840698	0.6098247766494751	0.8629370927810669	0.702953577041626	0.5103145837783813	1.7733086347579956	2.5048775672912598	3.2363176345825195	-1.2222973108291626	-3.062453508377075	0.7801876664161682	-2.690203905105591	-2.0029244422912598	4.448004722595215	-2.3985989093780518	-2.5927233695983887	-0.9732195734977722	2.5617780685424805
-2.3887248039245605	2.6284384727478027	-0.049558136612176895	0.7983090281486511	-4.355244159698486	1.2384915351867676	1.074458122253418	3.8079330921173096	2.9483747482299805	1.2570425271987915	1.2451424598693848	-1.5673285722732544	0.14488472044467926	-0.8886920213699341	-0.6996046900749207	-0.0006113200215622783	1.4951694011688232	-0.5148050785064697	-2.1427900791168213	1.8327323198318481
0.13132765889167786	4.657670497894287	3.806922435760498	-0.6422439813613892	-2.2530031204223633	2.7247722148895264	-0.019244270399212837	-2.3473010063171387	-2.178774833679199	0.9425700306892395	2.1743907928466797	-1.1624199151992798	-2.9557242393493652	-0.5019930005073547	-2.0870137214660645	-0.8350882530212402	0.340615451335907	0.03368264064192772	0.22722186148166656	-1.9946904182434082
2.653202772140503	1.4026970863342285	4.501738548278809	3.174267292022705	-4.281308650970459	-0.36465364694595337	0.6760218143463135	4.374712944030762	-2.770810127258301	4.9301838874816895	-7.719759941101074	0.1523876041173935	-4.860307216644287	-4.179745197296143	-4.163483619689941	-3.32104229927063	1.7802038192749023	-5.685742378234863	-0.07135758548974991	-5.671038627624512
-1.659881591796875	1.5962728261947632	0.8352653384208679	-2.235461950302124	1.0823264122009277	-0.2381264567375183	-1.119078516960144	-1.2149856090545654	-2.741342782974243	0.8600748777389526	-0.5420602560043335	-1.0568593740463257	-0.8416129946708679	-0.001265488681383431	-1.8080222606658936	-0.18911495804786682	3.15803861618042	2.5596702098846436	0.20700640976428986	-2.159963846206665
7.15379524230957	-2.3112189769744873	2.005016326904297	2.3986690044403076	-1.6210790872573853	3.739121437072754	0.30553293228149414	-7.178406715393066	2.9681835174560547	-6.153115749359131	-1.8612041473388672	3.0129058361053467	7.1176347732543945	-6.488180160522461	-0.46074163913726807	3.4428884983062744	-5.015280246734619	4.344416618347168	-6.997320652008057	-9.602005004882812
-3.949103593826294	0.7224963903427124	1.1894603967666626	-2.7711753845214844	-3.7104196548461914	-0.9871148467063904	-3.8739688396453857	0.8543736934661865	-0.11804290115833282	-1.5435986518859863	3.2714481353759766	-2.9370014667510986	3.560454845428467	-1.3842613697052002	-4.059930324554443	1.010111927986145	1.3780237436294556	3.016240358352661	-4.000428676605225	-1.0189257860183716
-4.467624664306641	0.10491272062063217	-0.23138777911663055	-1.481620192527771	-4.511854648590088	0.17288838326931	-2.4892160892486572	1.4065272808074951	0.6235838532447815	-0.3633788824081421	0.8458452224731445	-1.5134016275405884	3.126136541366577	-1.5471668243408203	-1.2627171277999878	0.40408793091773987	-0.36820143461227417	1.6858354806900024	-1.7399946451187134	-0.18358123302459717
0.027705060318112373	3.084217071533203	-0.31784728169441223	-3.818812370300293	-0.6956339478492737	-0.060010749846696854	-0.3920276463031769	-0.2552065849304199	-1.4043961763381958	2.417973279953003	0.24943821132183075	-1.2103633880615234	4.408391952514648	-2.785137891769409	-5.823856353759766	1.2244549989700317	3.3118457794189453	0.8954668045043945	-3.0046942234039307	-0.6173014044761658
-2.7034740447998047	-0.6998614072799683	-2.140005111694336	-0.36955246329307556	0.9907470345497131	5.412967681884766	-1.3668357133865356	0.38238325715065	-3.1568081378936768	1.9277414083480835	1.7436144351959229	1.0617488622665405	1.2901626825332642	-1.6703332662582397	4.862905979156494	1.4700274467468262	2.049055576324463	1.6840444803237915	-2.2728161811828613	1.9481406211853027
0.03363495320081711	5.2165398597717285	0.4067167341709137	-1.9101734161376953	-6.089079856872559	2.07273530960083	0.7505476474761963	4.271146297454834	2.186858892440796	0.27835798263549805	0.6608790159225464	-1.525943398475647	0.41389358043670654	0.8689600825309753	0.4154919981956482	-1.3489240407943726	2.450948715209961	1.8204162120819092	-1.7289388179779053	1.3553606271743774
2.735297918319702	2.0659449100494385	-0.5632010102272034	0.11365758627653122	-1.301092505455017	4.330403804779053	-1.8298876285552979	-1.0086817741394043	-1.114669919013977	0.4130204916000366	0.029198966920375824	-2.28818678855896	-1.4672387838363647	-1.7681087255477905	1.237628698348999	-2.471203327178955	4.723729610443115	2.3219776153564453	-2.986511468887329	-0.08852232992649078
-0.14009548723697662	3.7137887477874756	-0.9734474420547485	1.261871337890625	-7.9830002784729	1.208081603050232	1.3549182415008545	3.8196959495544434	0.47298189997673035	0.38520345091819763	-1.6591285467147827	-0.9716838002204895	1.2574490308761597	2.5859365463256836	-1.0616921186447144	-2.847130537033081	2.999361991882324	2.6357321739196777	-2.230396270751953	-0.4053076505661011
-0.7782341837882996	1.246968388557434	1.1588797569274902	-0.46978408098220825	1.4518173933029175	0.6467750668525696	1.4935719966888428	1.7718197107315063	-2.2702455520629883	2.2685868740081787	-0.03876827284693718	1.5572984218597412	2.4734530448913574	0.3693414628505707	-5.234610557556152	3.6543965339660645	-1.8354181051254272	0.6547992825508118	-5.564838409423828	-1.4194785356521606
-2.4859890937805176	-0.007188753690570593	-2.6245107650756836	-4.002349376678467	-3.3906607627868652	1.1584969758987427	0.7418595552444458	-2.573960065841675	-0.6976878643035889	0.7184495329856873	-2.397609233856201	-3.3930466175079346	2.8833417892456055	-5.995611190795898	-2.1639418601989746	-0.03603842481970787	2.0594711303710938	-1.4618099927902222	-2.395049571990967	-1.2510857582092285
-1.0825119018554688	-0.29778361320495605	-0.28010353446006775	0.27341270446777344	3.020130157470703	-1.2762508392333984	2.696530342102051	2.2011940479278564	-0.8911995887756348	0.9024527668952942	-2.358065605163574	1.4862496852874756	2.2883758544921875	-1.790884256362915	-6.584794998168945	3.785667657852173	0.367526113986969	-0.38445529341697693	-6.3349785804748535	-1.1778062582015991
-1.8008837699890137	-0.24269384145736694	-6.067850589752197	-3.7673683166503906	-2.631711959838867	-1.6936826705932617	0.7049950361251831	-2.278681993484497	0.05793389678001404	-0.5656113028526306	-3.5482122898101807	0.7493459582328796	5.038979530334473	-6.739974498748779	0.222628653049469	0.2772270739078522	3.55885910987854	1.0113019943237305	-2.0913944244384766	-1.3673779964447021
0.8311534523963928	-1.1341733932495117	-1.2461926937103271	0.6001077890396118	1.8080353736877441	-4.863150596618652	1.9294201135635376	1.6428643465042114	5.489152908325195	-4.47079610824585	-1.720915675163269	-0.4240391254425049	-7.800398349761963	0.145818829536438	6.222456932067871	2.4946208000183105	-3.01739501953125	3.1290693283081055	-4.023894786834717	-1.4879846572875977
2.664525270462036	-2.344918727874756	-4.478219032287598	0.22162695229053497	-0.48681703209877014	1.6396211385726929	-1.7874685525894165	-1.1085928678512573	0.8066246509552002	-1.603017807006836	-3.870938301086426	-2.3075344562530518	6.651738166809082	-5.235930919647217	1.201178789138794	-5.824018478393555	3.483959197998047	-1.4552637338638306	0.169316366314888	-5.690485000610352
-1.7799079418182373	0.5287773609161377	2.061939239501953	-1.6321332454681396	3.634337902069092	1.9621721506118774	-0.5501083135604858	1.300837516784668	-2.381432056427002	0.5086368322372437	0.3327106535434723	1.7078255414962769	1.0207874774932861	-6.028710842132568	-1.800718903541565	1.6780344247817993	1.6215935945510864	-1.8205487728118896	-0.9714315533638	-0.9224981665611267
-3.744814872741699	2.627922296524048	-0.48014119267463684	-0.22739097476005554	0.5046736598014832	1.4614864587783813	-0.955753743648529	-1.0066165924072266	-3.6287379264831543	-0.2542690634727478	2.136282444000244	4.243978977203369	-0.8050607442855835	-4.551027297973633	0.8667037487030029	-1.814587950706482	2.3066744804382324	-1.9602978229522705	0.30319276452064514	-1.6213740110397339
-0.12500078976154327	0.015944793820381165	1.1479198932647705	-1.8169628381729126	-5.163403034210205	-0.8242852687835693	-3.8672683238983154	-6.398553371429443	-0.8375066518783569	1.21620512008667	-0.14881770312786102	0.7169708609580994	3.330341339111328	2.836681842803955	-5.102327823638916	-1.1382579803466797	-1.5692975521087646	-1.3331758975982666	2.779137134552002	0.7995230555534363
-3.439803123474121	2.057278633117676	1.2908210754394531	2.590881109237671	-3.7064602375030518	-0.16360226273536682	-0.057776011526584625	0.7794728875160217	5.045150279998779	-0.29032015800476074	1.0670034885406494	-3.748837947845459	1.3828765153884888	-4.005568504333496	-1.496250033378601	-1.9930696487426758	-0.05392055958509445	-1.0157487392425537	4.227503776550293	-0.5260735750198364
-2.920138359069824	-1.932032823562622	1.5372933149337769	-0.5732102394104004	-0.5732580423355103	1.8632516860961914	-2.164067268371582	1.7216815948486328	1.4804428815841675	1.586294174194336	0.6706783175468445	-0.3059568703174591	2.7579386234283447	-0.469605028629303	0.268499493598938	2.2145493030548096	-2.334970235824585	-1.0912601947784424	1.8948631286621094	4.2203521728515625
-1.4101284742355347	3.7621946334838867	-0.5302954316139221	-1.005055546760559	0.9248349666595459	-0.917229175567627	-2.454456090927124	2.0507168769836426	-1.0557479858398438	5.817359924316406	2.3413047790527344	-0.04961102083325386	-1.065832257270813	1.1634223461151123	0.5767289400100708	1.5088859796524048	1.896876335144043	1.4456056356430054	3.247877359390259	3.762678384780884
0.0006664993707090616	-2.440276622772217	-0.8852192163467407	1.734053611755371	1.914482593536377	0.4220288097858429	-1.138972282409668	-0.3456082344055176	3.7180190086364746	-0.4835766851902008	-1.3003216981887817	1.053797721862793	0.004175168927758932	-1.6341553926467896	2.0694212913513184	-0.872774600982666	0.11241528391838074	-2.319157361984253	0.03694901242852211	-1.9729863405227661
-1.0480833053588867	0.724995493888855	-2.5220911502838135	-4.939620018005371	-2.9896957874298096	0.0617450512945652	0.7358920574188232	-1.23344886302948	0.672806441783905	-0.7935766577720642	-2.629878044128418	-0.7236419320106506	1.3573540449142456	-4.418656349182129	1.3386880159378052	-0.06944341957569122	2.7135910987854004	0.31890419125556946	-2.2345926761627197	-0.9274457097053528
2.9256999492645264	-5.206808090209961	0.8169310092926025	7.655923843383789	-0.7512033581733704	4.5725812911987305	-4.076542377471924	1.213160514831543	2.2978897094726562	-0.23390306532382965	1.0897935628890991	-5.436755657196045	3.3894131183624268	-0.1343727856874466	2.6762120723724365	-4.303771495819092	-4.860498905181885	-2.701138734817505	0.5218669176101685	-3.868685483932495
-1.558912754058838	2.088397264480591	1.3449077606201172	0.9429123401641846	-3.5351455211639404	-2.625649929046631	-5.55177116394043	0.4254942238330841	-0.9956874251365662	1.6895310878753662	7.319507122039795	-3.2485578060150146	1.3949286937713623	-4.1370439529418945	-3.319761037826538	0.2830783426761627	4.971171855926514	1.6420484781265259	-4.58811092376709	-3.3098702430725098
-1.365034580230713	4.304670810699463	-3.5396294593811035	-0.7793585658073425	-0.5741047859191895	1.6465067863464355	3.0455849170684814	-1.2907341718673706	0.32161444425582886	0.8392006754875183	-2.0699098110198975	-0.47058531641960144	1.2130428552627563	-0.6520808935165405	-0.4260850250720978	0.20264624059200287	-2.671393632888794	3.3040385246276855	2.1456198692321777	1.861955165863037
-2.7792084217071533	-0.7274653911590576	2.588442802429199	-2.5136613845825195	1.9147919416427612	-2.091801643371582	-0.42989540100097656	-1.2413051128387451	2.5046582221984863	2.7632052898406982	-1.969671368598938	-2.997933864593506	0.7049302458763123	3.7788076400756836	-3.471710443496704	-1.1452546119689941	-3.5631823539733887	-3.9329710006713867	4.903792381286621	-2.3510570526123047
-5.154078006744385	4.7334747314453125	1.067819356918335	-5.675034046173096	-2.4617257118225098	2.3618664741516113	0.6526572704315186	-1.1041858196258545	-4.58046817779541	-3.1060597896575928	-1.013257622718811	3.452362060546875	-2.268913507461548	1.3660873174667358	-1.7660505771636963	0.13378919661045074	-2.1593172550201416	3.3778672218322754	-2.576732873916626	1.0494110584259033
-1.6325562000274658	1.6680835485458374	-0.9578405022621155	3.3679161071777344	-0.8204664587974548	3.9961822032928467	-1.0932118892669678	-0.5930374264717102	-2.7121567726135254	3.39975905418396	4.59801721572876	-3.7307815551757812	0.7127622961997986	-2.4951698780059814	2.3327481746673584	3.6565778255462646	0.38399872183799744	4.966628551483154	1.2442448139190674	3.2467474937438965
-2.3842966556549072	-0.27597394585609436	-0.9840487241744995	1.4179490804672241	0.29714566469192505	1.1877391338348389	0.15099520981311798	-0.22374606132507324	0.18313729763031006	1.3577678203582764	0.8866516947746277	-1.8378448486328125	-0.6297904849052429	0.3763526976108551	0.810492753982544	0.2700526714324951	-0.19382143020629883	0.11327323317527771	-0.06801529228687286	0.10639023780822754
-4.636541366577148	5.215435981750488	1.0746939182281494	-7.182706356048584	-1.619716763496399	-3.719343662261963	0.5308732986450195	-2.2316246032714844	1.982266902923584	-2.3080337047576904	2.0669593811035156	8.759078025817871	0.48380446434020996	-1.577897310256958	0.37551435828208923	2.4849562644958496	-2.783167600631714	-0.6739048361778259	-0.20575584471225739	0.030545681715011597
0.13215523958206177	3.2384092807769775	0.11270549148321152	0.5160704851150513	-4.068600654602051	1.3488215208053589	0.6014283895492554	2.9223735332489014	2.986175298690796	2.0094680786132812	1.6519845724105835	-1.0876009464263916	-1.1913784742355347	-0.9601515531539917	-0.39508211612701416	1.1239666938781738	0.4284690022468567	-0.24500733613967896	-2.8177618980407715	4.024035453796387
-0.872480571269989	0.6278771162033081	0.011638426221907139	-0.687004804611206	0.34140926599502563	-0.13036282360553741	0.0809490755200386	0.1322605162858963	-0.4518038332462311	0.9703260064125061	0.16281233727931976	-1.5211728811264038	-0.002579286927357316	0.1647397130727768	-0.41198840737342834	-0.3113054037094116	0.4405757486820221	-0.1974143087863922	0.41259852051734924	-0.631809413433075
3.048203229904175	3.0009193420410156	3.1789660453796387	-1.2377904653549194	-2.1092822551727295	-0.8164711594581604	2.5148940086364746	0.3139110505580902	-1.4096643924713135	3.7110273838043213	-5.380370616912842	1.242977261543274	-3.8381588459014893	-2.9810991287231445	-2.1263692378997803	-1.0354012250900269	0.8245033025741577	-4.417094707489014	-0.029799306765198708	-5.230233192443848
-1.9127658605575562	4.467503547668457	-0.48891058564186096	-5.051581382751465	-1.7906270027160645	-0.546607255935669	-1.4474875926971436	2.4300343990325928	-2.971308946609497	7.346591472625732	1.6966025829315186	-0.35169950127601624	-6.980830669403076	4.996639728546143	2.763692617416382	2.4127070903778076	2.131603240966797	-0.4706087112426758	0.3452996015548706	8.334554672241211
-1.739443063735962	3.621694564819336	-1.0297907590866089	-0.9547045230865479	1.0650508403778076	-2.822988748550415	-1.6119757890701294	2.0688865184783936	-0.5046824216842651	5.844336986541748	2.769174575805664	-0.7309750318527222	-1.4351521730422974	0.3580956757068634	0.8475140333175659	1.9854158163070679	3.1610450744628906	1.4085546731948853	3.0291295051574707	2.018555164337158
-0.9153738021850586	2.537464141845703	0.5723022818565369	-1.4148807525634766	0.7316781282424927	0.6027583479881287	1.340811848640442	3.516555070877075	-2.0124738216400146	3.0186057090759277	1.0446302890777588	1.268203854560852	3.8487486839294434	-0.39742764830589294	-4.340932369232178	1.9247015714645386	-1.5884491205215454	-0.8078726530075073	-5.0664262771606445	-1.7983591556549072
-2.252371072769165	-0.23835769295692444	-0.34847956895828247	6.003345966339111	2.7524678707122803	1.9468379020690918	0.783772885799408	2.586912155151367	6.53488826751709	-0.9277005791664124	2.7818753719329834	-0.5896895527839661	-4.01967191696167	0.06910411268472672	5.125927925109863	-1.1497132778167725	-3.5911576747894287	-1.643457293510437	-0.8904064893722534	-0.6668248176574707
-4.219821929931641	-3.601806640625	2.560486316680908	-0.7932679057121277	0.8306745886802673	1.8120124340057373	-2.917907476425171	2.314328670501709	1.1443730592727661	2.011726140975952	0.496438592672348	-1.7749909162521362	1.8096071481704712	-1.0397093296051025	0.44944995641708374	3.2641477584838867	-2.3826186656951904	-1.31597900390625	1.6835761070251465	3.769467830657959
-6.069963455200195	1.352326512336731	-3.8436150550842285	2.470717430114746	1.381860613822937	1.6178176403045654	-1.1158885955810547	1.7379088401794434	0.8775466084480286	0.3872685134410858	2.336427688598633	2.434445381164551	-0.03604572266340256	-4.464303493499756	0.9840825796127319	-1.0572304725646973	1.1811225414276123	-1.1556950807571411	-0.7378154993057251	5.167377948760986
-4.7292985916137695	-0.22800733149051666	-1.9591646194458008	0.13405370712280273	0.4977201819419861	1.9464031457901	0.42895427346229553	-0.4757556617259979	0.5583341121673584	1.6079590320587158	2.9580724239349365	-1.212915301322937	0.7730047106742859	-0.743630051612854	4.510747909545898	1.2193481922149658	-0.08223569393157959	-0.04269640892744064	2.1507534980773926	0.8815298080444336
-4.548642635345459	-3.4854066371917725	1.9612376689910889	0.28899672627449036	1.0907765626907349	1.117652416229248	-3.1226117610931396	2.209376335144043	1.362652063369751	1.0189826488494873	1.3846640586853027	-1.0965834856033325	2.195246458053589	-0.30463939905166626	1.4247108697891235	2.5143206119537354	-1.7722598314285278	-0.4685191214084625	3.0062084197998047	3.3905539512634277
-6.338651180267334	-0.07127256691455841	0.19597658514976501	-2.798834800720215	-5.856656551361084	0.1349487602710724	-3.837050437927246	2.4473962783813477	-0.5358869433403015	0.5230194926261902	1.9110361337661743	-1.9780097007751465	5.411982536315918	-2.5979554653167725	-1.8611980676651	0.7419044375419617	0.1666572391986847	1.4746681451797485	-2.161888599395752	-1.31361985206604
2.5194082260131836	2.454645872116089	-1.97809636592865	-2.9289231300354004	-4.762861728668213	2.10486102104187	0.36182644963264465	-1.1214359998703003	1.1807829141616821	-0.4027765989303589	-1.3710018396377563	3.850334405899048	3.343172550201416	-0.4343634247779846	1.727232575416565	1.54742431640625	-2.067206859588623	2.6884243488311768	-2.7975566387176514	3.6969735622406006
-2.0745794773101807	-0.46195298433303833	-4.256415843963623	-1.2131927013397217	-1.6313549280166626	-0.23194922506809235	-0.43124762177467346	-2.423779010772705	-0.9827043414115906	-0.1503356397151947	-3.2902543544769287	0.18560634553432465	2.2213196754455566	-8.822023391723633	-0.11868918687105179	-1.6045928001403809	4.669185638427734	-1.2920693159103394	-0.8233107328414917	-2.563483238220215
1.789258360862732	-2.251722574234009	-1.527285099029541	1.548522710800171	-1.7359851598739624	-1.969968318939209	-2.036381483078003	-0.3191085159778595	2.398374557495117	1.3442518711090088	-1.5231894254684448	-1.1401309967041016	-1.7585262060165405	0.0321674719452858	3.8323988914489746	-0.3627554476261139	0.987718403339386	-0.8665921092033386	2.4815452098846436	-0.8188290596008301
-0.23666870594024658	2.8995778560638428	1.79534912109375	-1.7809791564941406	1.704514741897583	0.6606308221817017	2.1410913467407227	1.5091580152511597	-2.175433874130249	2.101372480392456	0.9791904091835022	-0.43783488869667053	3.066781520843506	-0.7676365971565247	-6.197934627532959	4.166757583618164	-1.3837521076202393	1.469219446182251	-5.408378601074219	-2.4337053298950195
2.1927812099456787	-1.3401939868927002	1.4245043992996216	1.2377185821533203	-2.2897531986236572	2.329455852508545	-4.524868965148926	-0.04340210184454918	-0.7371553182601929	0.18115131556987762	1.197137475013733	0.4866897165775299	0.43739843368530273	-3.50358510017395	0.7496342658996582	-0.7768709063529968	3.656280040740967	-0.1970883309841156	-3.6476645469665527	-0.28872150182724
-1.3714159727096558	-2.4953534603118896	0.146640345454216	2.60128116607666	0.6352332234382629	2.9091451168060303	-0.8687655925750732	1.411314845085144	2.349855661392212	0.234689399600029	0.6426025032997131	-1.0864028930664062	0.37730807065963745	-0.8870762586593628	2.7676961421966553	0.7692709565162659	-1.802042841911316	-0.6006108522415161	-1.1760668754577637	-0.6162240505218506
0.5129765272140503	1.3857126235961914	2.9131898880004883	-0.5324610471725464	-2.3616018295288086	2.1342289447784424	-4.569799900054932	-4.783010482788086	-2.960902690887451	1.5112327337265015	0.43389061093330383	-0.47033125162124634	0.22800828516483307	-0.8660131692886353	-4.864848613739014	-2.2447543144226074	0.4334259331226349	-0.997410237789154	2.0165021419525146	1.2655409574508667
-0.6395531892776489	0.06052078306674957	0.6901639699935913	-2.4940922260284424	1.1169008016586304	1.8633419275283813	-1.3837767839431763	-0.09889518469572067	1.3575447797775269	0.4377688765525818	0.5715980529785156	1.465384840965271	3.6947264671325684	1.4657784700393677	0.3980763256549835	0.5569772124290466	-1.3377751111984253	0.31429049372673035	1.13338041305542	2.499546527862549
-1.9972420930862427	1.5321626663208008	-0.4416414499282837	-2.3810031414031982	-1.3593324422836304	2.330693244934082	-0.24566316604614258	2.363971710205078	0.5563330054283142	2.7493245601654053	2.013284921646118	-0.6967995762825012	1.46085786819458	-0.6109486818313599	1.3718023300170898	-0.022556355223059654	1.3940296173095703	-1.6281439065933228	-2.816903829574585	-0.28632885217666626
-0.6536005735397339	2.397636890411377	-3.57853627204895	-2.169424533843994	-0.7320727705955505	3.4131810665130615	1.8392434120178223	1.2725387811660767	-3.19728946685791	1.624263882637024	-0.2480437010526657	3.670243501663208	1.4767600297927856	-1.2327340841293335	8.35835075378418	-0.24111083149909973	-2.347524404525757	-0.13561686873435974	1.5111260414123535	-2.6349358558654785
-0.7121078372001648	2.9353485107421875	2.394144296646118	-3.122802257537842	-1.9889634847640991	0.5157262682914734	-0.42278602719306946	-1.7662683725357056	-2.4209067821502686	-0.6482204794883728	0.2729150056838989	1.593631386756897	-1.402130126953125	0.9992106556892395	-0.7789293527603149	0.1413438469171524	-0.6616371273994446	0.8862397074699402	1.2903872728347778	-0.9126577973365784
-2.791773557662964	0.10278600454330444	0.11392907053232193	2.0902750492095947	-2.3906521797180176	-0.6181011199951172	-1.0042433738708496	1.3782720565795898	1.1911802291870117	0.8471713662147522	1.697227954864502	0.5892228484153748	-0.10562771558761597	-1.749427318572998	-1.913299798965454	1.6085443496704102	0.0948004350066185	-0.42327722907066345	-2.1697559356689453	3.7442660331726074
-1.3823184967041016	1.950386643409729	1.3078521490097046	-2.1817288398742676	-1.2554019689559937	0.9470093846321106	-0.018655303865671158	-0.6305539608001709	0.24750760197639465	-0.8381639719009399	1.4945272207260132	0.3775581419467926	0.5863979458808899	0.08557447791099548	0.9151352047920227	0.30569589138031006	-0.6551677584648132	0.8930051922798157	1.3212529420852661	-0.015260246582329273
-1.1637569665908813	0.4102219343185425	0.5408756732940674	-1.3333139419555664	-1.7959870100021362	-0.3699967861175537	-0.25765305757522583	-0.10528863966464996	-0.3812904357910156	0.7737998366355896	-0.2198687195777893	-0.006606606300920248	-0.020034652203321457	0.06537359952926636	-0.2859119772911072	0.6858208179473877	-0.6342992186546326	-0.5600917935371399	0.4947296977043152	-0.02225702442228794
-3.599762439727783	2.0764708518981934	0.5075502395629883	-1.2872354984283447	0.25806924700737	1.4132554531097412	-1.0931017398834229	-1.3240933418273926	-1.60265052318573	0.42537036538124084	2.339198350906372	2.9104018211364746	-0.2330060452222824	-3.118666648864746	0.2199620008468628	-0.689208984375	1.7011520862579346	-1.6184509992599487	-0.09388453513383865	-1.493273138999939
-3.4692223072052	0.12043855339288712	-4.229190349578857	0.9925092458724976	-0.8353442549705505	1.3961477279663086	-0.7238451838493347	-1.5543631315231323	0.6857045888900757	-1.0207148790359497	-1.6624746322631836	2.0746774673461914	0.7424612045288086	-1.0436630249023438	1.4629368782043457	-2.5800209045410156	-0.32623690366744995	0.7750623822212219	-0.2296254187822342	0.6111420392990112
-1.828593373298645	1.4789763689041138	1.1753672361373901	-0.40458059310913086	1.5632539987564087	0.7071567177772522	1.251738429069519	2.654660224914551	-1.6489181518554688	1.7115966081619263	-0.3633221983909607	-2.1371378898620605	2.900498151779175	-2.1707980632781982	-5.1125383377075195	3.053358793258667	-1.3737047910690308	2.005280017852783	-3.301154613494873	-3.0529873371124268
-1.335209608078003	1.4816838502883911	-2.0817525386810303	1.4010388851165771	-1.4859791994094849	4.847487926483154	2.4067564010620117	0.02571854554116726	1.260056495666504	0.3979218304157257	0.5700954794883728	1.3795901536941528	-2.130850076675415	-2.4888381958007812	2.8599905967712402	-0.30068930983543396	-1.0040733814239502	-1.9300748109817505	-5.117076873779297	2.2664763927459717
-2.7998950481414795	0.9444082975387573	1.1184941530227661	-1.9814478158950806	-1.905792474746704	-1.3621572256088257	-0.1836547702550888	2.9662437438964844	-1.21127450466156	1.4248110055923462	0.09399659186601639	-1.1687941551208496	-0.6573216319084167	-0.7958033084869385	1.190218210220337	1.3892148733139038	0.08606147766113281	0.22865523397922516	1.4266527891159058	-1.9193053245544434
-2.5214672088623047	1.2441904544830322	-3.676654815673828	-2.6092793941497803	-3.238614559173584	2.9848146438598633	-0.6883323192596436	-1.7461094856262207	0.5858079195022583	-2.4062857627868652	-1.350516438484192	-1.150870442390442	1.653160572052002	0.0976838767528534	4.336717128753662	-2.517395496368408	1.3780980110168457	3.9893178939819336	1.9714511632919312	1.725725531578064
-5.839587211608887	0.29150041937828064	0.7715408205986023	3.038839340209961	-4.905267715454102	3.157748222351074	-0.6727579236030579	0.7614460587501526	1.3736704587936401	1.3417143821716309	2.3495213985443115	-0.6446586847305298	-2.6773598194122314	-3.0508158206939697	2.5981781482696533	0.43223410844802856	-2.063117027282715	-2.416449546813965	1.3013538122177124	3.2842304706573486
-0.3295055627822876	-0.04680624231696129	0.178138867020607	-0.3729197084903717	-0.549277126789093	0.026137011125683784	0.023671330884099007	-0.48903724551200867	-0.4304961860179901	0.31030774116516113	-0.10764522105455399	-0.47870439291000366	0.04155678302049637	0.08147943019866943	-0.10999979823827744	-0.09192164987325668	-0.25888270139694214	-0.5813899636268616	0.41603243350982666	0.1401900053024292
-1.0816282033920288	-0.15980111062526703	-2.8280885219573975	-1.691407322883606	-0.9043850302696228	0.029039476066827774	-0.016412369906902313	-1.4114066362380981	-1.1096683740615845	-0.19469313323497772	-2.4744725227355957	-0.6594924330711365	1.4687707424163818	-6.067325115203857	1.7510515451431274	0.025656118988990784	4.217103004455566	1.1520272493362427	-0.05745205283164978	-3.4436068534851074
-0.8257333040237427	1.1268213987350464	-0.01638997718691826	0.09515930712223053	0.81055748462677	-0.5223496556282043	-1.1894856691360474	0.33408331871032715	-0.35140863060951233	2.204249620437622	1.3211759328842163	-0.3905041217803955	-0.5865288376808167	-0.4240802526473999	-0.3325658142566681	0.5767050385475159	0.699794590473175	0.21191947162151337	0.8223825097084045	1.9673810005187988
-0.6264767646789551	0.2936423122882843	-0.8215700387954712	-0.4646959602832794	-0.6994780898094177	-0.42797529697418213	0.15758511424064636	-0.5203068852424622	0.1613587886095047	0.4808540642261505	-0.6384434700012207	-0.5901854038238525	0.4425082206726074	-1.499856948852539	0.08517085015773773	0.12374954670667648	0.5877140164375305	0.058241572231054306	0.3863699734210968	-0.8906207084655762
