-2.4701952934265137	-0.5110562443733215	0.039370231330394745	-1.2188549041748047	0.7899691462516785	1.2965062856674194	1.0824023485183716	-0.00781275611370802	-0.44580918550491333	-0.2854404151439667	2.4513027667999268	0.37630194425582886	-0.9982061386108398	0.2718905210494995	-0.2831631004810333	1.195521354675293	-0.633007287979126	-0.12607495486736298	1.198331356048584	2.8912580013275146
0.3123076260089874	-1.928525686264038	-0.7931021451950073	0.8283864855766296	-1.3006916046142578	0.009470121935009956	-1.7034261226654053	1.179969310760498	-0.1746361255645752	-0.06023780256509781	-2.8257102966308594	0.8661482334136963	0.7185629606246948	1.1891288757324219	1.4656455516815186	2.079725980758667	-1.4006361961364746	-0.42976388335227966	0.051611922681331635	-0.4627261161804199
-0.8981239795684814	0.5944176316261292	-0.8679645657539368	-0.8727899789810181	-0.016659600660204887	-0.5329305529594421	0.4548969566822052	-0.5064942836761475	0.12201894074678421	2.388171911239624	-0.6720412969589233	-1.0068540573120117	-1.2317746877670288	0.2473350614309311	2.2241551876068115	1.2002993822097778	0.8121321201324463	1.0738439559936523	-1.1458685398101807	0.5131815075874329
1.0364702939987183	0.3101038336753845	-2.316930055618286	2.8742029666900635	-0.40820348262786865	1.8364304304122925	-1.2970982789993286	0.862902820110321	1.3230962753295898	1.0606095790863037	1.2414073944091797	0.8806942701339722	0.864193856716156	-2.5293667316436768	-0.35703426599502563	-0.35174545645713806	-0.982230544090271	-0.30056512355804443	-0.4211454391479492	0.5537450909614563
0.00104061933234334	-1.171042561531067	1.3888596296310425	-0.7296321392059326	1.5130743980407715	0.37276706099510193	0.2869366407394409	-0.5236530303955078	-0.4735649824142456	2.170198917388916	-1.0078669786453247	0.08780588209629059	0.9488261938095093	2.3551032543182373	0.6884415745735168	1.0200564861297607	1.1891387701034546	-0.6954067945480347	1.1500142812728882	0.08496278524398804
-0.9210671782493591	2.6396303176879883	0.8104791045188904	0.2317477911710739	0.4197594225406647	0.4928719103336334	0.2891329526901245	0.14145109057426453	-0.3589426279067993	1.1559967994689941	2.802402973175049	-1.764767050743103	-1.3587472438812256	-1.6998220682144165	2.7597312927246094	-1.4160164594650269	1.693897008895874	-0.311151385307312	0.4150148034095764	-0.3228713274002075
1.0117194652557373	-1.4139429330825806	0.09073562920093536	1.6222978830337524	-0.9684540629386902	0.33332768082618713	1.3042056560516357	-0.41101229190826416	1.2743186950683594	0.8375868201255798	0.31713584065437317	-0.6448472738265991	0.9180830717086792	0.4517817199230194	0.25415799021720886	0.36933550238609314	0.9771122932434082	-1.044924020767212	1.9136579036712646	1.8097083568572998
0.40551677346229553	1.1371922492980957	-0.02341141365468502	1.343265414237976	0.8679171800613403	1.2502868175506592	1.2696270942687988	0.9486423134803772	-0.5913316607475281	0.9176734685897827	-1.5760387182235718	-0.24093833565711975	-0.20883285999298096	-2.168311357498169	0.05749243497848511	0.16034071147441864	0.2772344648838043	0.8869608640670776	-0.6474356055259705	0.4430117607116699
-0.16293686628341675	-0.23994681239128113	1.2502917051315308	0.27496644854545593	0.3758779764175415	0.8242062330245972	-1.2914764881134033	0.1279505491256714	2.0058939456939697	-2.561612844467163	1.0197628736495972	0.6051990389823914	0.6130013465881348	2.667672634124756	0.4416497051715851	0.0788668543100357	0.912154495716095	-0.19831986725330353	0.2722027599811554	-1.234728455543518
0.3491547107696533	-0.7331080436706543	-1.2282801866531372	0.37263980507850647	1.0727458000183105	0.5797726511955261	1.9700133800506592	0.0014514868380501866	-0.38582465052604675	-0.6916698813438416	1.1519399881362915	1.4186384677886963	1.130518913269043	-0.32515090703964233	0.7154828310012817	-0.7768545150756836	1.1702829599380493	0.3634273409843445	0.7704905867576599	0.6532056331634521
-0.03856201097369194	-0.5888259410858154	-0.1940888911485672	-1.4447710514068604	-0.16382424533367157	1.639190435409546	1.1736528873443604	2.0717456340789795	-1.6660994291305542	0.5555428862571716	-0.5768255591392517	0.45599716901779175	-0.5811333656311035	0.5136339664459229	1.073163628578186	-1.7966681718826294	-1.7425192594528198	0.41655516624450684	-2.1342570781707764	-0.5000001788139343
0.28920987248420715	-0.4003283679485321	1.0092941522598267	0.7663848400115967	-0.8468352556228638	2.2919793128967285	-0.7757689952850342	1.667310357093811	0.3226158320903778	-1.00538969039917	-0.5756025910377502	0.25460872054100037	0.5608228445053101	1.288914680480957	0.241791769862175	-0.10847296565771103	-0.2116529494524002	0.6241471171379089	2.626768112182617	0.25682732462882996
-1.0133870840072632	0.3636142611503601	0.08041777461767197	1.0660284757614136	0.9703243970870972	-0.5498844981193542	-0.5020763874053955	0.7366968989372253	-1.0516597032546997	1.32576584815979	2.939286231994629	-0.3561561405658722	0.2305774837732315	1.2253788709640503	-0.1005062535405159	-0.27093902230262756	1.0587190389633179	0.22765618562698364	-0.0697895810008049	-0.919349730014801
-0.27520743012428284	0.8644993305206299	-0.04156409576535225	-3.294645309448242	0.1149822324514389	-0.6715365648269653	-0.7820470929145813	-1.9616025686264038	1.451327919960022	-1.7090593576431274	-0.083067387342453	-0.49184122681617737	-0.9426103830337524	-1.5494694709777832	1.8809584379196167	0.4520699083805084	-1.7828575372695923	0.03859483078122139	-1.994837760925293	3.193795680999756
-0.2844753861427307	-0.057047054171562195	0.00982901081442833	-1.4743820428848267	0.07590507715940475	-0.3753151595592499	-1.6320139169692993	2.6894032955169678	-0.09605968743562698	-0.46196913719177246	2.415508985519409	-0.6099958419799805	0.05136255919933319	0.7734098434448242	0.0748174786567688	1.3738114833831787	-0.23570208251476288	-0.8291639685630798	0.5937982797622681	0.5714635848999023
-1.236216425895691	1.9444416761398315	0.7391189932823181	2.715498208999634	-1.2785241603851318	1.0741398334503174	-1.0385102033615112	0.8847781419754028	0.8963587284088135	1.8552918434143066	-1.3025429248809814	1.0759700536727905	0.71494060754776	-0.12892013788223267	1.2764164209365845	-1.0881426334381104	0.3474608361721039	-2.3759987354278564	1.0609232187271118	0.5330075621604919
0.4867761731147766	-0.8018161058425903	-1.397306203842163	-0.3195812702178955	0.844170093536377	-1.0913039445877075	-0.05736478045582771	0.31126561760902405	1.2540512084960938	0.34036242961883545	0.02426089532673359	-1.0240198373794556	0.65340656042099	1.213097333908081	-1.2066097259521484	-0.08826768398284912	-1.0639642477035522	2.3250339031219482	-0.2314760684967041	0.18120752274990082
-1.1369131803512573	0.834492564201355	-0.6396535634994507	0.4202624261379242	-1.5179067850112915	-0.10293550044298172	2.5563576221466064	0.6065494418144226	-1.8708696365356445	-1.5690680742263794	0.10468504577875137	0.06516216695308685	0.14374002814292908	-0.46898892521858215	0.26306116580963135	-1.3546534776687622	1.7374804019927979	-0.4168793559074402	-0.6172804236412048	-0.43583381175994873
1.4455891847610474	-0.3391377329826355	-1.2337356805801392	-0.04703645780682564	0.147930309176445	0.051878634840250015	-0.27741050720214844	-0.08359135687351227	1.1001949310302734	-0.2492828518152237	-0.32645735144615173	-1.0663455724716187	0.16331526637077332	-1.5239626169204712	0.9950438141822815	2.279510021209717	-2.516754627227783	-0.15983034670352936	0.14949780702590942	0.6147369742393494
1.1374502182006836	-1.0266445875167847	-0.12985576689243317	-0.8799315690994263	-1.9510596990585327	0.13248996436595917	-2.2966175079345703	-1.1611933708190918	-0.2371562421321869	-0.28082722425460815	1.2271313667297363	1.9999940395355225	-1.585951805114746	-0.12128869444131851	-0.44285306334495544	-0.9520696401596069	0.35248076915740967	0.08794136345386505	-0.3270443081855774	0.5640551447868347
-0.029817702248692513	0.3255084455013275	-0.5556017160415649	0.3249242603778839	1.1122915744781494	-0.9775272607803345	-1.2080998420715332	-1.5004446506500244	-3.306302309036255	-0.7576621770858765	2.3389036655426025	0.6889644861221313	0.46344852447509766	0.5407583713531494	1.035741925239563	-1.784995198249817	-0.8645336031913757	-0.03157526254653931	-0.3137085437774658	1.5669208765029907
-0.5677282810211182	0.2043103575706482	0.6032453179359436	1.5539804697036743	0.04505429044365883	-1.7750718593597412	0.8973810076713562	0.7265242338180542	-0.8627320528030396	0.17304262518882751	-1.3376388549804688	-0.2291114777326584	1.134526252746582	-1.0416159629821777	0.11261573433876038	1.6797795295715332	-1.1127046346664429	1.9185149669647217	0.29958081245422363	0.5239787697792053
-2.0366318225860596	1.1152321100234985	-0.1974356770515442	0.9709070920944214	2.0192325115203857	1.002418875694275	0.09429629892110825	0.9121686220169067	1.161556363105774	0.4069470763206482	-0.32884731888771057	1.0298000574111938	1.6209841966629028	1.010627269744873	-0.1419091671705246	2.7699575424194336	-1.422414779663086	1.5958813428878784	0.9762928485870361	0.46453025937080383
-0.010825558565557003	-2.8971190452575684	-1.9146970510482788	-0.4568908214569092	-0.2137145698070526	-1.0932533740997314	-0.8595288991928101	-0.7230886816978455	-0.9065839648246765	-1.3186838626861572	0.7035470604896545	0.6143993735313416	-0.25045058131217957	0.566834032535553	0.9927427768707275	-0.38613593578338623	-1.398074984550476	1.1284774541854858	-1.2256985902786255	-0.35386908054351807
-0.31742212176322937	1.7664284706115723	0.9811609387397766	-1.2748563289642334	-0.8897462487220764	0.7350207567214966	1.9248428344726562	-0.04272141680121422	-0.1929018497467041	-2.0720980167388916	-0.307574987411499	0.7229706048965454	-1.1400738954544067	1.0049492120742798	1.4641492366790771	-1.482492446899414	-0.19421838223934174	0.8111919164657593	0.17662958800792694	0.4142759442329407
1.678222894668579	-1.472667932510376	0.47929391264915466	2.3097641468048096	-1.605512022972107	0.5915442705154419	1.003412127494812	0.9581459760665894	1.0320364236831665	0.40138351917266846	0.5504075884819031	-1.4367789030075073	-2.0970723628997803	1.1189043521881104	-2.751615524291992	2.199036121368408	-1.9207645654678345	1.0977665185928345	0.26587074995040894	-1.3438571691513062
-0.1464473009109497	-0.006646961905062199	-1.3895421028137207	0.6098124384880066	-0.5684969425201416	1.7940067052841187	-0.9378917217254639	0.18349622189998627	-2.023195743560791	-1.866351842880249	0.08331048488616943	-1.1221213340759277	0.40126845240592957	-0.9721830487251282	-1.1628750562667847	-1.166180968284607	1.494465708732605	-1.4821686744689941	-1.5428855419158936	0.22148463129997253
1.031122088432312	1.9397783279418945	1.0369209051132202	1.0205157995224	0.8521910905838013	-0.2689196765422821	-0.1837088167667389	-1.532755732536316	0.46317675709724426	1.9460150003433228	-1.6225146055221558	-1.893760323524475	-0.691601574420929	-1.6766717433929443	-0.4111368954181671	0.44718682765960693	0.28612396121025085	-1.1261157989501953	-0.7468502521514893	0.7097399234771729
-0.08531085401773453	0.1134214848279953	1.9790935516357422	0.5808650255203247	0.9173974394798279	0.6163989305496216	1.5924924612045288	-1.6858094930648804	1.7566344738006592	-0.9312998056411743	-0.1416003257036209	1.672271490097046	-0.7702190279960632	-0.5811425447463989	-0.04546446353197098	-1.4529962539672852	-0.7001563906669617	-0.02342274971306324	-0.7221161723136902	0.4138343632221222
-0.13287442922592163	1.977371096611023	-0.6655089855194092	2.1941428184509277	-1.056938886642456	-1.0231584310531616	0.5327653288841248	-0.38478565216064453	-0.2591339647769928	-0.16503562033176422	1.250071406364441	0.7943147420883179	-2.207778215408325	2.0060389041900635	2.0888147354125977	-1.0233430862426758	-0.8497172594070435	-0.42971137166023254	0.7064678072929382	-0.12454530596733093
-0.005672733765095472	0.64902663230896	1.2487151622772217	-0.7420767545700073	-0.8385019898414612	0.3430424630641937	-0.8089846968650818	1.4418891668319702	0.37847769260406494	-1.6530565023422241	-1.7970565557479858	0.4566805362701416	-0.2436748743057251	1.3505816459655762	-0.2738093137741089	-0.3535568416118622	0.4428512454032898	2.1303436756134033	0.028459995985031128	0.644119143486023
-1.1431597471237183	-0.07823195308446884	0.0820462703704834	-0.8767102956771851	-1.6205724477767944	-1.2626763582229614	0.7783704400062561	0.8176989555358887	0.07399683445692062	-1.789398431777954	-0.11086995899677277	1.7727042436599731	0.11631330102682114	-1.7790073156356812	0.13190686702728271	-1.7767796516418457	-1.2232658863067627	-1.2149156332015991	-0.40998899936676025	1.4927375316619873
0.5084396600723267	0.8437674045562744	-0.07279572635889053	-1.372756004333496	1.2418662309646606	-0.9507221579551697	-1.532130479812622	1.2387961149215698	2.1683454513549805	1.8600242137908936	-0.5761610269546509	-1.2966945171356201	0.025400685146450996	0.015435729175806046	-0.14683139324188232	1.6513035297393799	0.6719043254852295	-1.9424471855163574	0.370380699634552	-0.8435111045837402
0.14622533321380615	-0.5596785545349121	-0.12897145748138428	-1.4331212043762207	1.1842362880706787	1.9018185138702393	1.2502050399780273	0.07902470231056213	-0.7434901595115662	-0.8885194659233093	0.5078533291816711	-0.87978196144104	0.7770497798919678	-1.304760217666626	1.5709389448165894	2.7597577571868896	-1.296546459197998	1.095780849456787	1.9529404640197754	-0.367596298456192
-0.6623774766921997	-0.3072218894958496	-0.18804727494716644	0.26194801926612854	0.9772859215736389	-1.2918894290924072	-1.3503575325012207	-0.4124431610107422	0.5501085519790649	2.222700595855713	-0.9997217655181885	-0.7597440481185913	0.42178109288215637	0.4810836911201477	0.472660630941391	0.1082814410328865	0.3565841317176819	1.0124086141586304	-1.8031314611434937	-1.673790693283081
0.9118305444717407	0.4323381185531616	-0.9322582483291626	-1.0473796129226685	0.9259617924690247	0.6912574768066406	3.546454429626465	-0.7252645492553711	-0.49065977334976196	-0.45236441493034363	-1.5492093563079834	-1.5755444765090942	-2.145158529281616	-1.8829965591430664	0.6688708662986755	0.9684569239616394	-1.920485496520996	-1.751814842224121	0.05373724550008774	-0.854590654373169
-1.0197513103485107	-0.762112557888031	-1.0464379787445068	-0.7178676724433899	0.4620172083377838	-0.20443086326122284	-0.9469122886657715	3.2762582302093506	0.5366393327713013	-0.40132009983062744	1.8323317766189575	-2.2150158882141113	0.30457568168640137	2.032034158706665	-1.1465591192245483	2.106872081756592	0.6165177226066589	-0.07637099921703339	-1.9952741861343384	0.20046573877334595
-0.5615204572677612	0.108888640999794	-1.0571495294570923	-0.02987302653491497	0.5415562391281128	-0.3188723623752594	-1.083457350730896	2.0755772590637207	0.02924628183245659	-2.034229278564453	-1.1412426233291626	0.7715742588043213	0.07279257476329803	0.8423740863800049	-1.294848084449768	0.35279056429862976	1.3534832000732422	-1.4381767511367798	-0.29891437292099	0.2750079035758972
0.7879913449287415	-0.13663344085216522	1.0643360614776611	-1.8675615787506104	1.0138345956802368	-0.47438913583755493	-0.028714634478092194	0.642829418182373	0.6901126503944397	0.9285637736320496	0.9003028869628906	0.8612893223762512	-0.7985932230949402	0.2767351269721985	2.4495444297790527	-0.8007221817970276	-1.7134265899658203	-0.7037752866744995	-0.8452257513999939	-1.6604386568069458
1.9888856410980225	-0.8574561476707458	1.7282471656799316	1.5396878719329834	-0.7679061889648438	0.6178789734840393	-0.7272967100143433	0.16833113133907318	3.2456915378570557	0.9644917845726013	1.1603950262069702	-0.4336743950843811	0.8460271954536438	-0.44101813435554504	-2.1211140155792236	-0.2304794043302536	0.5181513428688049	2.105863094329834	-1.7102603912353516	2.121229887008667
-1.8853025436401367	-0.16285395622253418	-0.8457082509994507	1.2989704608917236	-1.0868709087371826	1.8902263641357422	-0.5968067049980164	-0.8411993384361267	1.8461005687713623	-0.34564998745918274	-0.5598986148834229	2.961981773376465	0.7255035638809204	0.21160133183002472	0.7983945608139038	-0.6771882176399231	0.5417600274085999	-0.33560553193092346	1.5051175355911255	0.9847508668899536
0.42904096841812134	-0.5950511693954468	-1.4675134420394897	1.6319336891174316	-1.0808650255203247	-0.5984635949134827	-0.5543245077133179	0.21717828512191772	1.9106276035308838	-1.0504659414291382	1.2077817916870117	0.22186750173568726	-1.4508644342422485	-0.22668428719043732	0.5008556842803955	1.0363585948944092	0.0733906626701355	-2.186511516571045	-0.28433600068092346	-0.13779385387897491
-0.34459519386291504	1.4046194553375244	-1.0790753364562988	0.48552772402763367	0.6786263585090637	3.0644097328186035	-0.41577455401420593	0.746737539768219	0.8514785766601562	1.4842793941497803	0.77210533618927	1.8156546354293823	-1.1610898971557617	1.132016658782959	-0.4172957241535187	0.26591756939888	0.43843767046928406	0.9595229625701904	-1.5492967367172241	-0.5988479256629944
-1.233702301979065	1.378559947013855	2.8158271312713623	-0.7541462779045105	1.0927304029464722	-1.1540889739990234	1.5230727195739746	-0.9819102883338928	-1.3759912252426147	-0.44015252590179443	0.8039602041244507	0.8785161972045898	-0.8367284536361694	-0.12916697561740875	0.2536987066268921	1.4627878665924072	-0.5191599130630493	-0.30018937587738037	-0.5435695648193359	-1.521370530128479
0.4110584557056427	-0.44302383065223694	0.2571865916252136	0.3814357817173004	0.978625476360321	-0.1883111596107483	0.38555780053138733	2.475390672683716	0.6038230657577515	1.03325355052948	0.4924588203430176	0.7238957285881042	1.5738698244094849	-2.136829137802124	-0.8211525678634644	0.23436278104782104	0.18492013216018677	-0.2826916575431824	1.9992207288742065	0.6232770681381226
0.8564404845237732	-1.410607933998108	-0.029003959149122238	0.6863948106765747	-0.4035191833972931	1.0139634609222412	-3.3510818481445312	0.04183429479598999	-2.5656118392944336	1.9806791543960571	-0.020250756293535233	-1.001989483833313	3.173593282699585	1.266386866569519	0.7213445901870728	0.42299094796180725	-0.7135469913482666	0.4052632749080658	-0.6520362496376038	-0.3472316563129425
0.5823964476585388	-1.2935633659362793	3.052487850189209	1.784094214439392	-0.3606725335121155	-1.3502997159957886	1.0035746097564697	1.7954010963439941	0.5397729277610779	1.105082631111145	-1.152647614479065	-0.3133474588394165	1.0857863426208496	1.7323262691497803	-0.9058958292007446	0.2771332263946533	0.7477732300758362	-0.2692568600177765	0.6500722169876099	1.7806732654571533
-0.03303859010338783	-0.06997255235910416	1.6155714988708496	-0.19817548990249634	0.0842549130320549	-2.1753456592559814	0.11870288848876953	0.6465750932693481	-0.4783245921134949	0.6188827753067017	-0.92178875207901	-0.32055798172950745	-0.5086078643798828	-2.983031988143921	1.4911586046218872	0.14242425560951233	-1.9247093200683594	-1.2367833852767944	1.8243496417999268	0.7664990425109863
0.4037123918533325	0.22127912938594818	-1.0719043016433716	-1.8027698993682861	0.7779378890991211	0.38054367899894714	-0.2756790518760681	-0.8327592015266418	-0.3069614768028259	-0.010482373647391796	1.869565486907959	0.44208595156669617	-0.11859208345413208	-1.400734782218933	0.24529410898685455	-0.43486571311950684	-0.6951136589050293	-0.8260291814804077	2.002470016479492	-0.778116762638092
1.5025966167449951	0.39066487550735474	0.10188160091638565	0.6317330598831177	1.794682264328003	-0.6607303619384766	-0.9766703844070435	-0.06133577600121498	-1.3366910219192505	0.4115944504737854	1.6888329982757568	1.729651689529419	-0.6218940615653992	-0.3674800395965576	0.18479584157466888	-0.5128132700920105	0.006171410903334618	1.5570874214172363	1.1172447204589844	0.9055173397064209
-1.563538670539856	0.9313902854919434	-1.985060214996338	-0.3999757468700409	-0.10581471771001816	-0.34319165349006653	-0.5774036049842834	0.6787446737289429	1.5731838941574097	-1.4858695268630981	0.5930681228637695	0.26902851462364197	-1.8444445133209229	1.2516435384750366	-1.2307155132293701	-0.05217500776052475	0.4499181807041168	0.6431877017021179	-1.6544239521026611	1.3926159143447876
1.001807451248169	-2.3141613006591797	0.017434900626540184	-0.3972841501235962	-0.32468274235725403	0.861697256565094	-0.3160122334957123	-0.6624211668968201	-0.7078765630722046	1.2578641176223755	0.4255526065826416	0.3913756310939789	-0.023870745673775673	-0.2593914568424225	1.525770664215088	0.7198623418807983	0.3285351097583771	-0.7503958344459534	-0.24991969764232635	0.8472068905830383
0.09794606268405914	-1.4831180572509766	-0.5786792635917664	-0.3852349519729614	-2.588374137878418	-0.29862380027770996	1.0073460340499878	1.560731291770935	-1.4238651990890503	-0.7350988984107971	0.5774233341217041	-1.1527432203292847	-2.3932595252990723	-0.26986879110336304	0.19494777917861938	-0.9451205730438232	0.9318599700927734	2.4595892429351807	-0.3733697235584259	-0.03772410750389099
1.5241012573242188	1.343448281288147	0.20566321909427643	0.21010439097881317	0.29851946234703064	0.7783616781234741	-0.00038573722122237086	1.350657343864441	-0.24792782962322235	2.151829719543457	-0.6422421336174011	-0.6246023774147034	-1.3719606399536133	0.3682359457015991	0.37869560718536377	0.20346568524837494	-2.0433881282806396	-1.8541918992996216	-1.6744322776794434	-0.8080198764801025
0.44066789746284485	-0.6183976531028748	-0.38324522972106934	0.42558279633522034	0.025054024532437325	0.8835645914077759	0.898899257183075	-1.5519294738769531	-0.6244093179702759	-1.3950151205062866	-2.753953456878662	1.1040561199188232	1.2997866868972778	-1.6014404296875	0.7486969232559204	-0.5573389530181885	0.4640139043331146	0.8638801574707031	-2.4324703216552734	0.3205738663673401
0.056962329894304276	-1.032839298248291	0.6399937272071838	-1.0400967597961426	1.1035432815551758	-0.5207738876342773	0.06397291272878647	1.5647917985916138	-1.0397089719772339	0.013443111442029476	0.662487804889679	1.0106194019317627	-1.1781678199768066	-0.1636999249458313	1.5512748956680298	0.7214213013648987	1.4603208303451538	1.9694383144378662	-1.412808895111084	-0.6053882837295532
-0.5316045880317688	0.07917258888483047	0.09391123801469803	0.04379444569349289	-1.6735541820526123	-0.9105692505836487	1.9018640518188477	1.063920497894287	-1.880875825881958	1.2327144145965576	1.0236567258834839	0.7172658443450928	0.3204384446144104	1.7550938129425049	-1.248582363128662	1.375367522239685	-1.2731975317001343	-0.8547201752662659	-0.8542447090148926	-0.2307261973619461
1.1064114570617676	1.892613172531128	-1.1644150018692017	-0.43005990982055664	-0.27769753336906433	-1.3016130924224854	-1.0618025064468384	0.15150730311870575	-1.53110933303833	-1.4181232452392578	0.5677995085716248	0.040996961295604706	0.9094107151031494	-0.0804339051246643	-0.3321152329444885	0.3121521472930908	-1.4757258892059326	-1.4454694986343384	2.0447885990142822	-0.434836208820343
-0.5930566787719727	0.07302232086658478	-0.034023385494947433	0.4354422092437744	-0.07805710285902023	0.2162775695323944	-3.141134262084961	-0.5650398135185242	1.9650092124938965	0.6761358976364136	0.5857669711112976	1.4472042322158813	-0.5478779077529907	-0.5496757626533508	-0.2602822184562683	1.196624517440796	-0.4775483012199402	-0.6235224604606628	-0.14652366936206818	-1.1966328620910645
-0.3906784951686859	-0.7296754121780396	-1.261286973953247	1.1432567834854126	-0.43386581540107727	1.988703727722168	0.7052491903305054	-0.6408639550209045	0.976218044757843	-0.8498959541320801	0.9267621040344238	1.5282175540924072	-0.11479505896568298	-1.6125024557113647	0.48853448033332825	-0.3086045980453491	-1.3034158945083618	0.46012160181999207	0.32912322878837585	2.728557586669922
0.5834696888923645	-0.6203460097312927	0.7697334289550781	0.7374322414398193	0.1089080423116684	0.32215988636016846	-1.000733494758606	0.25063756108283997	-0.5266588926315308	-0.7876556515693665	3.6445536613464355	1.5303335189819336	1.9432373046875	0.7556138634681702	-1.5751570463180542	0.22263960540294647	-1.9440903663635254	0.9607360363006592	0.9468061923980713	0.22411975264549255
-1.9316171407699585	-2.2642738819122314	0.2658240795135498	-0.5005813837051392	0.4399046301841736	0.6722846031188965	-0.5841892957687378	-0.8434767127037048	1.062565565109253	-0.4335588216781616	-2.2382876873016357	-0.5360571146011353	0.3988613486289978	-0.27640458941459656	-0.5283758044242859	-0.09813417494297028	2.516218423843384	-0.6264540553092957	0.29284289479255676	2.7644026279449463
-1.3017452955245972	0.15031564235687256	1.5537508726119995	-0.1012229397892952	1.479437232017517	1.2048403024673462	-0.9965752959251404	0.9254351854324341	0.9074712991714478	-0.36930328607559204	0.5020226836204529	-0.14902903139591217	1.0696051120758057	-0.5987754464149475	0.3075290322303772	-0.7468011975288391	0.46705642342567444	1.1256760358810425	-1.9328104257583618	0.3233950734138489
0.5673267245292664	-0.7329534292221069	-0.626980721950531	-0.3070698380470276	-0.7210659384727478	0.39327964186668396	1.125555157661438	0.48752403259277344	-1.2366200685501099	2.7858963012695312	0.6320158839225769	0.608954668045044	-1.4958122968673706	-2.2766754627227783	-1.6352863311767578	2.4207167625427246	-1.2071359157562256	-1.760316014289856	0.17583824694156647	-1.333374261856079
-0.28474581241607666	1.4479482173919678	0.045489270240068436	-0.7611612677574158	1.233056664466858	0.867217481136322	0.06773756444454193	-1.1580992937088013	-1.2403407096862793	0.4727568030357361	-0.6669475436210632	0.4083498418331146	-0.15012256801128387	-2.350923776626587	-0.5844473838806152	-0.6298916935920715	-1.5353972911834717	-0.23833173513412476	0.8233458995819092	-0.3347836136817932
1.3247932195663452	0.61110919713974	1.2711730003356934	-0.006756468676030636	-1.0301754474639893	0.8842593431472778	-1.0855852365493774	0.36351364850997925	-1.986307144165039	0.6473433971405029	0.3729541003704071	0.5119171142578125	0.4278869032859802	-2.11358642578125	0.1263246089220047	-0.10039083659648895	0.12334403395652771	0.8140859603881836	-0.23193220794200897	1.2650851011276245
-1.712384819984436	1.96096932888031	1.2119373083114624	-2.4263370037078857	0.38163283467292786	-0.5945196151733398	-0.5626503229141235	0.18876498937606812	0.4198155701160431	0.33979299664497375	-1.0093512535095215	1.0025711059570312	-0.7981854677200317	0.6414060592651367	-1.2154852151870728	-0.676367998123169	-0.7749763131141663	-0.3340701460838318	1.3609260320663452	0.17100250720977783
1.6590574979782104	0.6106274127960205	-0.9624027609825134	-0.024507921189069748	1.2872487306594849	0.021599579602479935	-1.1041280031204224	2.6658935546875	-0.6483339071273804	0.6084645986557007	0.16447040438652039	2.518986225128174	0.5093452334403992	0.5861843824386597	0.4957667589187622	1.3387010097503662	-0.1883774697780609	-0.8497456312179565	0.2942116856575012	0.1758430004119873
0.1332733929157257	-0.16735725104808807	-1.2283838987350464	0.927402675151825	-0.4280311167240143	-1.644025206565857	1.5942378044128418	1.4529366493225098	3.4640238285064697	1.6963728666305542	1.7406864166259766	-1.6883798837661743	0.7856398820877075	-1.2117700576782227	0.10518114268779755	-3.2030906677246094	-0.883175790309906	-0.3360026478767395	-1.1754872798919678	1.3545167446136475
-1.732207179069519	-1.5821040868759155	-0.2893345355987549	2.2798805236816406	-1.7879167795181274	-0.7361521124839783	-0.5548374652862549	0.8252593278884888	-1.2222341299057007	0.4005710184574127	0.16240541636943817	1.0649899244308472	-1.438848853111267	-0.6318832039833069	1.0541058778762817	0.9945584535598755	-1.0763145685195923	-0.7794599533081055	0.36952924728393555	1.1715021133422852
-0.21705904603004456	-0.6382428407669067	-0.7044770121574402	-0.7085004448890686	-0.17449216544628143	-0.07200103998184204	1.6955959796905518	-0.3040497303009033	-0.8055887222290039	1.4930458068847656	-0.842522382736206	-1.4386667013168335	-1.0800940990447998	-0.6516962647438049	-0.06164979189634323	-1.5368993282318115	-0.07710696011781693	0.12128853052854538	1.5162991285324097	1.5218952894210815
-1.1797796487808228	-0.9340233206748962	-1.4263148307800293	-2.6731817722320557	1.120063304901123	-1.6308822631835938	0.6916873455047607	1.6439391374588013	0.1491026133298874	2.0815389156341553	1.756706714630127	-0.10576142370700836	-1.9297654628753662	0.9338046312332153	0.4729123115539551	-0.1835671365261078	-1.6712309122085571	0.9864281415939331	0.2614592909812927	1.8443617820739746
-0.21511626243591309	0.17492283880710602	-0.3180868327617645	1.3977959156036377	-0.7703077793121338	-2.0936062335968018	0.3293950855731964	0.1952437311410904	-0.20375956594944	-0.27203887701034546	0.9725287556648254	1.7741672992706299	2.1916308403015137	1.8318148851394653	2.343412160873413	0.011275557801127434	-0.25545352697372437	-0.4244880974292755	-1.0013930797576904	1.9345844984054565
0.3764730393886566	-0.7062733173370361	-0.9447323679924011	-1.2703015804290771	-0.33034777641296387	0.9214470982551575	-1.1557931900024414	-0.48515990376472473	0.34493836760520935	0.5524099469184875	-0.7062798738479614	1.5422766208648682	1.4545302391052246	0.08001674711704254	-0.09826119989156723	-0.34987586736679077	-1.1029387712478638	0.606890857219696	2.0535478591918945	0.41449692845344543
0.31831276416778564	1.4607068300247192	-0.9560856223106384	-0.3149765431880951	1.4474523067474365	-0.9883504509925842	-0.23304279148578644	-0.41195401549339294	0.3201442062854767	-0.34949249029159546	1.048309087753296	-0.40074920654296875	-0.08682116866111755	-1.9584952592849731	-0.9905888438224792	-0.7816550731658936	-0.6182000041007996	1.5350289344787598	-0.04913393780589104	1.453269362449646
-1.2325897216796875	-1.9439289569854736	-0.7690593004226685	-1.4387544393539429	-0.6851032972335815	1.6407023668289185	-0.14357133209705353	0.0872962474822998	1.0361905097961426	-0.917801022529602	0.2188611924648285	0.45738762617111206	2.486222743988037	-0.9237386584281921	-0.3316984176635742	-0.8469539880752563	-1.8532917499542236	-0.2794729769229889	-0.31784239411354065	-0.9914497137069702
-1.412306547164917	-2.477121114730835	-0.7290655374526978	-0.020133448764681816	0.9897788763046265	1.078383207321167	0.2500709891319275	-0.8558064699172974	-0.7503713965415955	0.960830807685852	0.8107903599739075	-0.43651312589645386	-2.173967123031616	-0.8680770397186279	-1.2850711345672607	-0.7537788152694702	0.36883020401000977	0.4812508225440979	-2.578658103942871	-1.365816593170166
1.0998399257659912	0.7411587834358215	0.25009191036224365	-0.8851577639579773	-1.0869925022125244	0.09571868181228638	0.7996038198471069	0.4313771724700928	1.425103783607483	0.4534257650375366	-0.571953296661377	-0.5494452118873596	0.18968962132930756	2.101527690887451	-0.8677398562431335	-1.7247364521026611	1.1677310466766357	0.844102144241333	0.04052697867155075	1.5755958557128906
0.36745309829711914	-1.088377594947815	0.08705876022577286	-0.5028647184371948	-1.1771599054336548	2.4869847297668457	-0.05821473151445389	-0.15816238522529602	-0.29318884015083313	-1.1155328750610352	1.0937440395355225	-1.0011614561080933	0.02633281797170639	0.47850456833839417	-0.2098197489976883	-1.7732309103012085	-0.16980277001857758	3.8361124992370605	-0.28451693058013916	-0.018384894356131554
-1.5757100582122803	-0.9909665584564209	1.0541213750839233	0.5520449280738831	-2.1808338165283203	-0.9237609505653381	0.1161532774567604	-0.8040918111801147	1.2928742170333862	-1.0667219161987305	1.4292943477630615	0.3475066125392914	-0.03894165903329849	-0.5840052366256714	0.20290407538414001	-0.43212413787841797	-1.7767508029937744	-0.8302721977233887	-0.15112151205539703	0.983839750289917
0.6236007809638977	0.14614476263523102	1.8717312812805176	1.7491371631622314	-1.06719172000885	-0.22837501764297485	1.5734792947769165	0.19047777354717255	0.7231307625770569	-1.0391976833343506	-0.7979545593261719	0.1863223761320114	0.9113917350769043	0.7732135057449341	-2.2177674770355225	-2.4589591026306152	-1.3646036386489868	-1.8133978843688965	-0.06061999499797821	0.339559942483902
-0.829306423664093	-1.014977216720581	-0.443852961063385	-1.770513653755188	-0.32056164741516113	1.8629670143127441	-0.08619336038827896	0.11076464504003525	0.4796779453754425	-0.5719169974327087	-0.3246898949146271	0.07561679929494858	-0.34612375497817993	1.7771198749542236	-0.2307155877351761	0.719915509223938	-1.6160818338394165	0.5481849312782288	0.3210442364215851	-0.9295123219490051
1.093772053718567	-0.5014793276786804	-0.67669278383255	-0.29228663444519043	1.5865174531936646	0.8626683354377747	0.5551612377166748	2.6766157150268555	0.5711057186126709	-0.5259928107261658	0.23374691605567932	-1.3161907196044922	-0.3360919952392578	1.5034540891647339	-0.059802863746881485	-0.9788815379142761	-1.0740480422973633	1.4334067106246948	0.21616874635219574	0.7399341464042664
-0.30377647280693054	-0.15259164571762085	0.255802720785141	-0.2415992021560669	-1.1124686002731323	-0.03678373247385025	-1.2096967697143555	1.0827385187149048	-0.9065254330635071	-3.1537210941314697	1.5599948167800903	0.05470804125070572	-1.1711130142211914	-0.8877136707305908	1.2643240690231323	2.3886494636535645	0.6747716069221497	0.41106879711151123	0.18620190024375916	0.3711748719215393
0.14730073511600494	0.17118820548057556	0.45179444551467896	-0.2640365660190582	1.0325748920440674	0.9371515512466431	-0.17850331962108612	0.3138478994369507	0.45585259795188904	-0.5746161341667175	1.678444743156433	0.04384394735097885	-0.6456849575042725	-0.8632228970527649	-0.29209280014038086	0.5318375825881958	1.233478307723999	1.473574161529541	-0.5589259266853333	-0.6621918082237244
0.3797488510608673	-1.3963041305541992	1.1291786432266235	0.44244104623794556	-1.4989045858383179	0.2610470652580261	-0.3679974675178528	0.5120346546173096	-1.0657705068588257	0.9025077223777771	-2.0834803581237793	-1.268602728843689	-0.7942677140235901	-1.0214993953704834	-0.4215543568134308	-0.9985959529876709	-0.7280697822570801	-0.5995875000953674	0.20427566766738892	-0.24494244158267975
-0.7586928009986877	-0.5846062302589417	-0.8231334686279297	1.4233049154281616	2.237057685852051	0.003867747262120247	-1.0775251388549805	-0.15001869201660156	-0.5831766128540039	-0.272463858127594	-0.2471693605184555	0.6179563999176025	-0.3606686294078827	-0.14641869068145752	1.5057265758514404	1.460579514503479	0.6198970675468445	-0.7055012583732605	-1.1490265130996704	-0.47515246272087097
-1.3504403829574585	-1.775650143623352	-0.10074261575937271	0.5553922653198242	0.2116229236125946	1.7937933206558228	-0.5623372793197632	-1.4610241651535034	2.121370553970337	0.7021363377571106	0.39399445056915283	-0.24480600655078888	-1.885849118232727	1.4250593185424805	1.9998430013656616	-0.30813702940940857	-0.018335353583097458	-0.19536007940769196	-1.3211755752563477	-0.11547110974788666
-0.793487012386322	-0.36865371465682983	0.38095778226852417	-1.3038228750228882	0.28728652000427246	-0.4071890115737915	-1.9149293899536133	-0.2600368857383728	1.6142936944961548	0.03233218193054199	1.4955872297286987	-1.8854761123657227	-0.5461022257804871	-1.6303117275238037	-0.016132939606904984	0.9789167642593384	0.5265688896179199	0.7956228852272034	1.272490382194519	0.16265244781970978
1.2780297994613647	0.07931090891361237	0.6651478409767151	-0.9747525453567505	0.26534712314605713	0.48390892148017883	-0.2958618104457855	1.7280681133270264	-0.007895494811236858	0.45603007078170776	-2.1949422359466553	-2.4445438385009766	2.2548015117645264	-1.0856291055679321	0.7928388118743896	1.4403904676437378	-1.9282068014144897	1.051478624343872	0.48528969287872314	0.7271608114242554
0.6913276314735413	-0.8038641214370728	-1.024501085281372	-1.2565772533416748	-0.2270859330892563	-1.8095462322235107	0.012042026966810226	-0.15162721276283264	1.0325103998184204	0.8501527309417725	2.413198471069336	0.21004803478717804	0.45189136266708374	2.0332560539245605	-1.8832216262817383	-0.38280102610588074	1.572178602218628	-1.9790910482406616	0.22991810739040375	1.2548935413360596
-0.6341679692268372	1.8958323001861572	0.6057548522949219	-0.39984387159347534	1.2217433452606201	-1.6433026790618896	-0.33769500255584717	-0.9177088141441345	3.2836861610412598	1.416846513748169	-0.6363181471824646	1.2865500450134277	-0.6083883047103882	-0.8212963938713074	0.541070818901062	-1.3382798433303833	0.15137289464473724	0.6645528674125671	0.23142902553081512	-1.8625226020812988
-0.4611184895038605	2.037564516067505	0.5909491181373596	-1.3692671060562134	1.6037888526916504	0.5402314066886902	-0.3207491636276245	0.4830758273601532	-0.4827370345592499	-0.5406189560890198	0.9824463129043579	2.345043420791626	1.7642840147018433	0.004098328296095133	1.165802240371704	-0.627740204334259	-0.23778866231441498	0.5031837224960327	-1.647569179534912	-0.09109674394130707
1.1107068061828613	0.9027644395828247	1.2404742240905762	-1.92888605594635	1.417880654335022	-1.260728120803833	-1.0428189039230347	-0.8488144278526306	0.33520060777664185	1.4870158433914185	0.008295509032905102	0.34964317083358765	0.7699313759803772	-1.512882947921753	0.84824538230896	0.3376571834087372	-1.13692307472229	0.4970298111438751	-1.428792953491211	0.10246896743774414
-0.6909601092338562	-0.23008348047733307	2.1748759746551514	1.5947586297988892	1.1900608539581299	-0.5304984450340271	-1.0798771381378174	0.8601810932159424	0.0029453898314386606	0.4356299638748169	-0.040880512446165085	1.773829698562622	0.007237688172608614	-0.11511220782995224	-0.3115682005882263	-0.3415554463863373	-0.7956274747848511	-0.3988665044307709	-0.5170802474021912	-3.2518041133880615
-2.6576426029205322	0.39739230275154114	0.4419300854206085	-0.13595379889011383	-0.7248908877372742	0.37642019987106323	-0.3938772678375244	-0.5740113258361816	0.530895471572876	1.0357295274734497	-1.8069006204605103	0.9133036136627197	1.577518105506897	-0.29008445143699646	0.7919467687606812	0.7100309729576111	-0.659135103225708	0.08793491870164871	0.6302671432495117	0.9637339115142822
0.33354154229164124	-0.30346760153770447	1.9275323152542114	1.3060134649276733	-1.7834748029708862	-1.124625325202942	-0.02709638699889183	2.5196902751922607	-0.7997691035270691	-0.8185784220695496	0.48520970344543457	-0.2681069076061249	-0.3490639626979828	0.07112345844507217	-0.48691871762275696	-1.4831432104110718	0.20731046795845032	0.786843478679657	-2.5288219451904297	-0.11769837141036987
1.9511529207229614	1.1552340984344482	1.379673719406128	0.22929586470127106	-0.47224190831184387	-1.3911621570587158	-0.16179361939430237	0.29523253440856934	0.8607446551322937	-1.45587956905365	0.715164065361023	1.381301999092102	1.4760698080062866	-1.2989912033081055	-0.5123075246810913	1.658098816871643	-1.5866543054580688	-1.310462474822998	-2.1219165325164795	1.2021600008010864
-0.2692051827907562	0.0012789032189175487	1.7642982006072998	-0.9745407700538635	-1.638258695602417	-0.35539188981056213	-0.9369675517082214	-1.4225488901138306	0.6797742247581482	-0.5097076892852783	0.9347847104072571	1.0946532487869263	-0.6004805564880371	1.3987311124801636	-0.08190608024597168	2.222217559814453	0.49254974722862244	0.7172767519950867	-0.850355327129364	-0.37410086393356323
0.8591246604919434	-0.4017733037471771	-0.49782586097717285	1.3804091215133667	0.10741408914327621	-1.2033804655075073	1.9392699003219604	-0.46456149220466614	-1.5196278095245361	1.0911836624145508	0.17342031002044678	2.7960307598114014	-2.0408661365509033	0.4741886854171753	-2.3626604080200195	-0.5810364484786987	0.5810625553131104	-1.1267510652542114	-1.1817173957824707	-0.22952814400196075
0.4426087737083435	0.12942831218242645	-0.8797847032546997	-0.9048606157302856	0.642437756061554	-1.0260231494903564	-0.757440984249115	2.1702325344085693	-1.002007007598877	0.03577954322099686	-0.12786418199539185	0.6586126089096069	1.334572434425354	-2.1605820655822754	1.3873999118804932	0.8596354722976685	0.5671799778938293	1.6573139429092407	-0.19486093521118164	0.45721954107284546
0.684047281742096	-0.699953019618988	1.632477045059204	1.659010887145996	-0.5836377739906311	1.5793043375015259	-0.7966417074203491	-1.41159987449646	-1.7272988557815552	0.027993282303214073	0.26849159598350525	1.5696742534637451	0.8609786033630371	0.5120492577552795	-0.8619381785392761	-1.4981681108474731	-0.18679271638393402	-1.5963777303695679	-1.881866455078125	-0.2918395400047302
-2.233541965484619	-1.1333050727844238	1.3020594120025635	-0.5360407829284668	-0.039110057055950165	1.5589537620544434	0.9643803834915161	1.3088889122009277	-0.3354579508304596	0.32417789101600647	-0.36966678500175476	1.385696291923523	0.7208899855613708	-0.09474723041057587	-1.5097508430480957	-0.9909670352935791	1.4974474906921387	-1.2515767812728882	0.7289170622825623	-0.9467771649360657
1.4674683809280396	0.13195070624351501	0.5047101378440857	-1.8721632957458496	0.9327054023742676	-0.04767908155918121	-1.2982354164123535	-0.06498510390520096	1.2068800926208496	0.8184791207313538	0.7081157565116882	-2.160428524017334	-2.385464906692505	0.759801983833313	-0.43144574761390686	-1.1058470010757446	-0.8187643885612488	-0.8063659071922302	1.0413826704025269	-0.832307755947113
3.422072649002075	0.014339095912873745	-0.13095837831497192	1.2490222454071045	1.8740283250808716	1.6682653427124023	-0.7285705804824829	0.07101644575595856	0.18901896476745605	-0.4041907489299774	-0.3261045813560486	1.677865982055664	0.39614635705947876	0.7252609133720398	-0.7110361456871033	0.5098620057106018	0.07109145075082779	-0.9029262661933899	-2.1428568363189697	-0.1943391114473343
0.3247162103652954	-0.26492804288864136	-1.967261791229248	1.4869803190231323	1.5417132377624512	-1.6243144273757935	-0.762589693069458	0.9629284143447876	-0.9293205142021179	-0.3873567283153534	0.13643109798431396	-0.5185937285423279	-1.779054880142212	-0.05785346403717995	-0.38222482800483704	-0.9801533222198486	-0.9940888285636902	0.2896532118320465	1.092501163482666	-0.49088552594184875
1.236751675605774	1.0654864311218262	-1.0818779468536377	-0.1624361127614975	0.23362931609153748	-1.3994088172912598	0.6923953294754028	0.0894596204161644	-0.05162850394845009	-0.5055834650993347	1.127901315689087	-0.27666258811950684	-1.6614853143692017	-0.7024157047271729	2.6919026374816895	0.3444856107234955	0.5492504239082336	-0.05036614462733269	1.3949459791183472	1.8283597230911255
1.547541618347168	1.7777878046035767	1.5333623886108398	0.3488556742668152	-0.4683416187763214	0.28877565264701843	-2.117642402648926	-0.44990482926368713	-0.6636526584625244	0.4185226559638977	1.7549874782562256	0.195484459400177	-1.0239677429199219	-0.4190152883529663	-0.562606692314148	1.199422001838684	0.4199228286743164	-1.6122405529022217	-0.02070477232336998	1.4523135423660278
-0.4076012074947357	0.5950644612312317	0.20589488744735718	-0.02402321808040142	-1.7792540788650513	-0.1270115077495575	-0.2998434603214264	-1.694381594657898	0.1904224306344986	0.7453802824020386	1.1346012353897095	-0.9876804947853088	0.6857340931892395	1.7806446552276611	0.15571586787700653	-1.4803520441055298	-0.5612422227859497	0.36999085545539856	0.17661312222480774	1.8440964221954346
-1.2085212469100952	-0.2580617070198059	2.9276578426361084	-2.239328622817993	-1.7614811658859253	-1.2901012897491455	-0.6113808155059814	0.616445779800415	0.21455296874046326	-0.4122539460659027	-0.8873110413551331	-0.7030279040336609	0.6562132239341736	-2.8806934356689453	1.747418999671936	-0.6477875113487244	0.010809396393597126	0.2355554848909378	1.6132216453552246	-0.2542153000831604
-0.7712060809135437	-2.0388503074645996	0.4622226059436798	0.014561070129275322	0.15402711927890778	0.15775182843208313	0.4339390695095062	1.7826670408248901	-0.3006187975406647	-3.3408186435699463	-0.6915143728256226	1.2441818714141846	-0.8244574666023254	-0.4156532287597656	0.20326392352581024	0.6314270496368408	0.9215752482414246	-1.332536220550537	-1.6375385522842407	0.964392364025116
-0.3084544241428375	0.6370750665664673	-1.3520258665084839	1.6354589462280273	0.5775061249732971	-1.8608531951904297	-0.23639419674873352	-0.13219352066516876	0.34068799018859863	0.3645894229412079	0.34506508708000183	-1.606366515159607	0.5473229289054871	0.7201083898544312	0.1932033747434616	-0.5333382487297058	0.8354038596153259	-0.6637928485870361	1.1004562377929688	1.1740893125534058
-1.4008499383926392	-0.580282986164093	-0.33155301213264465	-0.41742241382598877	0.1672084778547287	-0.631881833076477	0.08090243488550186	-0.8629164099693298	1.91845703125	0.9133269786834717	1.6486912965774536	0.12464207410812378	-3.2620887756347656	-2.0504567623138428	1.3641523122787476	0.8474557399749756	-1.780672550201416	2.481660842895508	1.107723355293274	0.20211376249790192
-0.5948368906974792	-0.06770732253789902	-1.4490094184875488	0.6607124209403992	-1.7340364456176758	-1.7778905630111694	0.10690154880285263	-0.7757483720779419	1.8181507587432861	-0.2070840448141098	-1.269365906715393	-0.3147434592247009	1.4037415981292725	0.5331242680549622	-1.0117045640945435	-0.5157263278961182	0.3674328923225403	0.11909852921962738	-0.028978494927287102	2.080223321914673
-2.6342833042144775	1.177320122718811	2.8385350704193115	1.9236348867416382	1.2647367715835571	-1.044008493423462	0.14203335344791412	1.0798166990280151	-2.5681753158569336	-0.31918084621429443	1.4542027711868286	-0.38440969586372375	2.109006404876709	-0.9568055868148804	0.17796699702739716	-0.8350098133087158	-0.30785825848579407	-0.7423852682113647	-1.2853394746780396	-0.2626034915447235
-0.7841989398002625	-1.5385252237319946	1.3003493547439575	1.161592721939087	0.0871596485376358	-1.6754785776138306	-0.625740110874176	-0.2579098641872406	1.0507235527038574	2.2156822681427	1.8724056482315063	-1.0100973844528198	-0.5252322554588318	-1.1085361242294312	0.7212685346603394	-0.32711783051490784	0.7656152248382568	-0.3355051875114441	-1.6336182355880737	-1.7411707639694214
0.973098874092102	1.5070395469665527	-1.0007668733596802	0.8039165139198303	-1.62760329246521	0.4920414984226227	-0.40328606963157654	-1.110597848892212	0.7236165404319763	-1.678802251815796	-0.08095451444387436	-1.063612937927246	0.9311699867248535	0.8628982901573181	-1.3225091695785522	1.5889614820480347	1.392215371131897	0.4115730822086334	-0.9719561338424683	-1.1878067255020142
0.6062396168708801	-1.1447992324829102	1.9902913570404053	-0.4833904206752777	-0.17280851304531097	-0.36195313930511475	-1.2452569007873535	0.3860173225402832	1.6930793523788452	0.4927670955657959	-0.4095318913459778	0.24479372799396515	1.8533225059509277	0.7350149750709534	0.6147032976150513	1.5119209289550781	-0.9658674001693726	0.9437116384506226	-0.030456889420747757	1.8310959339141846
0.4396936595439911	1.126906394958496	2.0850138664245605	0.43141499161720276	0.9159191250801086	0.8919069766998291	-1.331088662147522	-0.18574216961860657	1.395749568939209	0.21229517459869385	1.5088768005371094	-1.2344590425491333	-1.5662118196487427	-0.3726406395435333	1.0607728958129883	-0.04203047603368759	-1.57461678981781	-1.3120110034942627	-0.2279827892780304	-0.4890879988670349
2.044830322265625	0.2423326075077057	0.318340003490448	1.0732672214508057	0.14478151500225067	1.7233504056930542	0.9166361093521118	1.1057311296463013	-0.1621057093143463	1.4394431114196777	0.06026051193475723	0.7855557799339294	-2.139859914779663	-0.7974544763565063	1.2653642892837524	-0.16674908995628357	-1.1498548984527588	0.6839759349822998	-0.5129191279411316	0.7882179617881775
1.365020513534546	-1.5004652738571167	0.7124292254447937	-1.1644833087921143	-0.6721859574317932	1.432446837425232	1.050110101699829	0.7664144039154053	-0.9303407669067383	0.24731294810771942	0.7375167608261108	0.35085180401802063	-0.8151162266731262	-1.036263108253479	-1.6841936111450195	-0.9162513613700867	-0.7676499485969543	-0.0578763484954834	1.2925395965576172	0.610402524471283
-0.3131520450115204	-0.06563718616962433	0.07571092247962952	-0.21972894668579102	0.6106595993041992	-0.7824665307998657	0.21879273653030396	1.8502843379974365	-0.03814198076725006	0.09211575984954834	0.746167778968811	0.2772105932235718	0.06674239784479141	0.49899569153785706	0.35073599219322205	0.6066200137138367	-0.8151770234107971	0.7143439054489136	-0.023188762366771698	-0.6894426941871643
-0.5266538262367249	0.5480347275733948	-0.08830946683883667	1.8837206363677979	-1.6450858116149902	0.47075191140174866	0.22641897201538086	-0.30835890769958496	-1.039560317993164	-1.4365782737731934	-0.43903785943984985	0.2691548764705658	-0.3251393139362335	-0.13093575835227966	1.609696388244629	0.9800562262535095	0.3398400843143463	0.6043063998222351	0.5317414402961731	-0.6703960299491882
-0.9500265121459961	-1.3239622116088867	-0.6886734962463379	1.8244551420211792	0.34343767166137695	0.5895546674728394	-1.559490442276001	-0.4051330089569092	-0.08248112350702286	0.9023067951202393	-0.06381751596927643	-0.8627741932868958	0.4776270389556885	-0.8164973258972168	-0.33221617341041565	1.0441412925720215	-0.15727658569812775	-0.8379291296005249	0.5007684826850891	0.7717336416244507
1.203538179397583	-0.04879532754421234	1.4314301013946533	0.5733429193496704	-1.7267712354660034	0.3362809121608734	0.7534083724021912	-0.36667513847351074	0.6197029948234558	-0.9620301127433777	0.005784131120890379	-0.11921719461679459	-1.2694721221923828	-2.001556396484375	1.248908519744873	2.0016415119171143	-1.461645483970642	0.42986732721328735	-0.9527237415313721	0.6315733790397644
-0.7022324204444885	-0.5099701881408691	0.9743159413337708	-1.3149678707122803	-1.3055559396743774	-1.3722180128097534	0.7204460501670837	-1.5627377033233643	0.48855870962142944	0.8415088653564453	-1.6965405941009521	-0.9314849972724915	1.5054230690002441	0.20984411239624023	-0.14345847070217133	-0.07820368558168411	1.2182269096374512	-1.3498286008834839	-0.11483610421419144	0.8240220546722412
-0.12621216475963593	0.13385070860385895	1.1723352670669556	0.17483405768871307	0.003939114045351744	0.6758862733840942	-0.050890255719423294	-0.1391020566225052	-1.1703732013702393	-0.3561759293079376	0.06665489077568054	1.1904910802841187	-1.5914629697799683	1.5408167839050293	1.0358942747116089	0.08067785203456879	1.2412830591201782	-0.8227273225784302	1.241003155708313	-0.05081932991743088
-0.16829465329647064	-0.9797812700271606	-0.8988891839981079	-1.2672032117843628	0.5696001648902893	0.16514843702316284	-0.3470276892185211	1.440203309059143	0.02745809778571129	-1.4654918909072876	-0.6448888182640076	-1.4366620779037476	-0.15963317453861237	-0.0015762326074764132	1.072256088256836	0.04269853234291077	1.094319224357605	1.8461064100265503	0.7937907576560974	-0.8778281211853027
1.0008416175842285	-0.6360840201377869	0.35027411580085754	-0.1846306324005127	-0.27829334139823914	2.9563088417053223	1.4629271030426025	-0.44393303990364075	1.2447935342788696	-1.2665786743164062	1.4641695022583008	1.0715243816375732	-0.8685594797134399	-1.3968548774719238	-0.13192236423492432	2.0259759426116943	0.31983765959739685	1.6839934587478638	-0.13026876747608185	0.7239075899124146
-0.44522130489349365	-0.2976042926311493	0.15620170533657074	-0.07849663496017456	0.47891905903816223	-1.4745575189590454	-0.07604066282510757	0.5995913147926331	0.43898141384124756	-0.8524940609931946	-0.1257106065750122	1.6547023057937622	0.4104233384132385	0.971558690071106	0.2799225449562073	-0.8207796812057495	-0.25357288122177124	0.9075416326522827	2.063844680786133	1.1696823835372925
-0.6459780335426331	0.4397142827510834	0.8709205985069275	0.7396956086158752	-0.6267361044883728	-0.1900079995393753	-1.1051291227340698	0.8990435004234314	-1.0381556749343872	1.5100041627883911	-0.8472819924354553	-0.11433589458465576	-1.1551989316940308	-0.3004167675971985	-0.6742357611656189	-0.3981887698173523	-1.3309534788131714	-0.5918098092079163	1.2631933689117432	2.4867429733276367
0.7441328167915344	-2.857560396194458	-1.2454224824905396	0.6017751693725586	-0.5884024500846863	-0.5917457938194275	-0.19483019411563873	0.4743865728378296	-1.749766230583191	-0.9802159667015076	-0.061436884105205536	-2.066498279571533	-0.8486285209655762	-0.7774243950843811	0.4578452408313751	0.5255789756774902	1.4759926795959473	-0.031848177313804626	2.539293050765991	1.03191077709198
0.5382965803146362	1.4470914602279663	0.00797424465417862	-1.71304452419281	0.40090280771255493	1.1796135902404785	-0.24722205102443695	0.4335812032222748	0.2129250317811966	1.0962517261505127	-0.2475104033946991	2.656141519546509	-0.8298689723014832	1.4381293058395386	-0.15367084741592407	0.22562284767627716	2.550731658935547	0.46264177560806274	0.2087310403585434	-0.6680258512496948
-0.13675031065940857	-0.6969510912895203	-0.15936948359012604	0.7030983567237854	-0.5686865448951721	-0.9127726554870605	-2.378932476043701	0.9543715715408325	-0.3353540003299713	1.014248251914978	-0.6322676539421082	0.4003697633743286	-0.21833421289920807	0.8364537954330444	1.2260198593139648	0.6598444581031799	1.5531399250030518	-1.7046406269073486	1.556991696357727	-0.38419902324676514
-0.22465264797210693	0.4283990263938904	0.4037933647632599	-0.9431160688400269	3.0298492908477783	-0.1948256939649582	-0.6942311525344849	1.0884736776351929	1.46315598487854	0.07872886210680008	0.13024285435676575	2.1116061210632324	-2.1147804260253906	-0.550285279750824	-1.3820644617080688	-0.984516978263855	-0.03290214762091637	1.9734165668487549	-3.2275450229644775	0.7943507432937622
-2.3019866943359375	-1.224541425704956	0.5458838939666748	0.02608616277575493	1.0633639097213745	-1.967218041419983	-0.27947917580604553	-0.7380966544151306	-0.15256620943546295	-0.43927061557769775	-0.8290820717811584	2.180521249771118	0.19043482840061188	0.9734021425247192	-0.002420448698103428	-0.005073069594800472	-1.5904507637023926	1.764581322669983	-1.1858607530593872	2.0443568229675293
-0.9560458064079285	0.09019458293914795	1.331274151802063	0.3486565947532654	0.6856745481491089	-0.7980376482009888	-1.0103150606155396	1.0028200149536133	1.067234992980957	1.150184988975525	0.5300552845001221	-0.748858630657196	-1.9822551012039185	-2.0346546173095703	-1.7179619073867798	0.09076593071222305	-1.3127480745315552	0.1559251993894577	-1.6150890588760376	-0.7166081070899963
0.32413771748542786	-0.09573636204004288	1.590321660041809	0.8192924857139587	0.5842987298965454	-0.6153650879859924	0.5630569458007812	-1.097586750984192	1.9310957193374634	0.7523563504219055	-0.45213279128074646	-0.007900748401880264	-1.7265949249267578	1.0145494937896729	0.37866121530532837	-0.7982200384140015	-1.1617324352264404	-0.203622967004776	1.7306878566741943	1.0805668830871582
-2.0584163665771484	-1.0495067834854126	-0.1379081904888153	2.4617576599121094	0.3792229890823364	-1.3970474004745483	0.6058595180511475	-0.5780490040779114	1.3926875591278076	-0.49733397364616394	-0.011462493799626827	-0.35853081941604614	0.7231400012969971	0.14945551753044128	1.0688904523849487	0.1848738044500351	2.099048614501953	0.6388714909553528	-0.07121387869119644	0.10062143206596375
-1.3823338747024536	-1.0402263402938843	-2.2645812034606934	1.589498519897461	0.4784369170665741	0.05151285231113434	0.31178018450737	-0.12939636409282684	-0.28510892391204834	1.2111670970916748	-2.127464532852173	-1.948114275932312	-1.3493739366531372	-0.6876012682914734	-0.33366283774375916	0.7242676615715027	-0.5932900905609131	-0.6116495132446289	-0.9751120209693909	0.07914064079523087
-1.0912960767745972	0.26664555072784424	0.6691657900810242	-1.0374492406845093	2.0753610134124756	0.4872294068336487	-1.6473300457000732	0.8290596008300781	-1.2429794073104858	-0.2796500623226166	-1.0118805170059204	0.08963725715875626	-0.21781884133815765	2.3172550201416016	1.4852231740951538	0.1727408617734909	-1.0631566047668457	-1.6714462041854858	-0.015204359777271748	0.5889567136764526
-1.3427225351333618	0.0782913938164711	1.1787922382354736	-0.4184955656528473	0.15233342349529266	-0.18614540994167328	-1.5215401649475098	1.292405366897583	-1.4118211269378662	-0.8280298709869385	-0.05103631690144539	-0.013118867762386799	1.5573413372039795	0.42977237701416016	0.3987070918083191	-0.4368978440761566	-1.167832851409912	1.5889390707015991	-1.135553240776062	-0.8639906644821167
-1.0160351991653442	0.1676824539899826	1.767539143562317	-1.0026023387908936	-0.05775338038802147	-1.5631706714630127	-0.47003427147865295	1.3452521562576294	0.5088189840316772	-0.2843727171421051	0.9167044758796692	1.067955493927002	-0.7395908832550049	-0.4304267466068268	2.2715985774993896	-1.3376703262329102	-1.898759365081787	1.6701586246490479	-1.0126839876174927	1.0980473756790161
-2.5784380435943604	0.4446394443511963	-0.596120297908783	-0.4732757806777954	-1.3861379623413086	-1.6081123352050781	0.1482282280921936	-2.0459635257720947	-0.040484242141246796	-0.38826924562454224	-0.16096484661102295	-0.7754133939743042	-1.2714259624481201	-1.3853719234466553	0.010060405358672142	-1.5781989097595215	1.6745033264160156	-0.6621073484420776	-0.1788496971130371	-0.30888795852661133
1.8257256746292114	-2.3323957920074463	-0.8974219560623169	0.6017610430717468	0.5306009650230408	-0.586513876914978	-0.10665654391050339	0.18057316541671753	-0.7486909031867981	-1.5965805053710938	-0.6369766592979431	-2.0794782638549805	-0.7758568525314331	-2.7351388931274414	-0.635651707649231	0.5704832673072815	0.11102006584405899	0.6344568133354187	-0.5766931176185608	-0.3962613344192505
-2.948267936706543	-2.308492422103882	-0.44473952054977417	1.1168630123138428	0.06685497611761093	-0.5089161396026611	1.5433439016342163	-1.9904190301895142	0.04673746973276138	1.2726162672042847	0.35774117708206177	-0.45885446667671204	-0.617743730545044	-0.8839371204376221	-0.6665229797363281	0.4720568060874939	0.043107714504003525	0.8777405023574829	0.8366838097572327	-1.6451773643493652
0.041028063744306564	0.17102205753326416	-0.15700429677963257	-0.5079398155212402	-1.7798020839691162	0.92254638671875	-0.7980462908744812	1.6397649049758911	-1.0373870134353638	-0.7512745261192322	0.3246534764766693	0.8925471305847168	-0.6567983031272888	-1.750342607498169	-1.2091556787490845	-1.2793399095535278	-0.6276751160621643	-0.4300750195980072	-1.93625009059906	-0.6022776961326599
1.0864306688308716	-1.478509783744812	0.28338003158569336	1.5083335638046265	-0.2474527657032013	-1.018945574760437	0.21673434972763062	-0.7978869080543518	-1.27458918094635	-0.94890296459198	1.6942585706710815	-2.1927809715270996	2.082407236099243	0.707905113697052	0.3708493113517761	-0.5327077507972717	1.0162891149520874	-1.261878490447998	-0.8039534687995911	-0.8268157243728638
-0.05545055866241455	1.046239972114563	0.4727506637573242	0.8069924712181091	-0.5855322480201721	-0.5756495594978333	2.3560738563537598	-1.3434730768203735	-1.1354396343231201	2.1469852924346924	0.4850558638572693	-0.3349734842777252	1.3051364421844482	0.2691141963005066	0.4511885643005371	-0.5677976012229919	-1.866082787513733	-0.02405296079814434	0.02391284704208374	0.8197413086891174
-1.9357571601867676	-0.1028059795498848	-1.6307300329208374	0.5167258977890015	-1.5964570045471191	-1.2576119899749756	-1.5016300678253174	-0.20684640109539032	0.6420162320137024	0.9140687584877014	-1.3852488994598389	0.5214576125144958	0.2064160704612732	0.5322175025939941	0.5977106094360352	0.6914299726486206	-0.5951346158981323	0.6321403980255127	0.10340826213359833	0.9330371618270874
-1.2403581142425537	-1.3969700336456299	0.9014371633529663	1.3282252550125122	-0.3925110101699829	1.3900737762451172	-0.7583192586898804	-0.503356397151947	-1.3779990673065186	-2.330124616622925	-0.3574351668357849	-0.6525208950042725	-0.8182679414749146	-0.7586974501609802	1.3205935955047607	0.07992377877235413	0.3076763451099396	1.7040526866912842	0.7451530694961548	0.12588772177696228
1.329954981803894	-1.0226494073867798	-2.2117221355438232	-0.630724310874939	1.0111439228057861	-0.874768078327179	0.2881546914577484	-1.1490049362182617	0.2920859754085541	-1.3159860372543335	-0.9738510847091675	-0.48056554794311523	0.105958491563797	0.2528076767921448	-0.22189897298812866	1.217998743057251	-0.5513885617256165	-1.1194411516189575	-0.5568955540657043	-1.7359659671783447
1.6460464000701904	1.4316991567611694	-1.7275042533874512	-0.004995151422917843	-0.6979369521141052	0.8096904754638672	0.719027042388916	-1.0042109489440918	0.09153182804584503	-0.38577336072921753	-0.18893474340438843	1.1997979879379272	0.5150828957557678	-1.4896103143692017	-1.309574842453003	1.9209741353988647	0.19228389859199524	-0.8570148348808289	0.7604228854179382	0.9644790291786194
-2.2769503593444824	0.5289482474327087	0.33156198263168335	2.256178379058838	-0.8424242734909058	-2.323420286178589	0.3722864091396332	-0.946359395980835	-0.3891638219356537	0.815294086933136	-0.43712058663368225	0.7488305568695068	-0.6930691003799438	-0.2699039876461029	-1.4770182371139526	0.3320305347442627	-0.7457042932510376	1.268794059753418	-2.0575969219207764	-0.6898103356361389
-1.2231206893920898	-0.5967019200325012	0.8604587912559509	1.6633621454238892	1.5246888399124146	1.315761923789978	-0.04600698500871658	1.481741189956665	1.048749327659607	-0.4024352431297302	-0.08360916376113892	1.1518360376358032	-0.21258312463760376	0.8402085900306702	-2.165588617324829	-1.8714168071746826	0.6641330718994141	0.04000081494450569	0.1621440351009369	0.1775200366973877
0.2461194396018982	-0.23913194239139557	1.5034502744674683	0.002455328358337283	0.23348738253116608	-1.3770946264266968	-0.2713106572628021	1.7536284923553467	0.14602966606616974	0.8898963332176208	0.3112587630748749	0.4836917817592621	0.6160370707511902	-1.432167649269104	-1.2446073293685913	-1.117462396621704	-2.935412883758545	0.44365638494491577	0.015282785519957542	1.2760968208312988
-0.6380822062492371	0.48108339309692383	0.7532646059989929	0.973980188369751	0.09255117177963257	1.410682201385498	-0.600131094455719	0.717194676399231	-0.8763439059257507	0.8347814679145813	-2.412212610244751	-0.6225618124008179	-1.18402099609375	0.12800942361354828	0.3651491701602936	-2.040476083755493	1.5842872858047485	0.8395910859107971	0.39532822370529175	1.432739019393921
-0.7017198801040649	-0.7565946578979492	0.35005983710289	-0.8416998982429504	0.31284958124160767	-0.9933125376701355	-1.3460813760757446	1.1737998723983765	-2.5469796657562256	-2.764770269393921	-3.0428171157836914	1.0114153623580933	0.6670255661010742	-1.9307243824005127	0.8911762237548828	0.47993725538253784	-1.306973934173584	-0.49156370759010315	-0.35742226243019104	1.19431734085083
0.9287298917770386	-0.5126914381980896	-1.0060616731643677	-0.006462582387030125	-1.4904199838638306	0.06046612560749054	1.5009208917617798	1.764388918876648	-0.010963520966470242	-0.5791766047477722	-0.014412213116884232	2.5002896785736084	3.0365426540374756	1.4775233268737793	-1.417063593864441	0.6234967708587646	1.0098536014556885	-2.2582805156707764	-0.20697623491287231	-1.5179263353347778
0.9420449137687683	-0.7960647344589233	0.19920562207698822	-1.1584722995758057	-2.0142180919647217	1.6971322298049927	1.057644009590149	0.9815905690193176	0.2323380410671234	0.8501303195953369	0.14990542829036713	-0.8231543898582458	-0.008265647105872631	-0.04855781048536301	-1.485037088394165	1.2206635475158691	-0.549724817276001	-0.34587588906288147	-0.7327330708503723	-0.9212477207183838
0.06294906139373779	-0.22465769946575165	-0.13520501554012299	0.6528539657592773	-0.6252567172050476	-1.3187276124954224	-1.2737215757369995	0.955269992351532	-1.400675892829895	1.0713913440704346	2.170771837234497	0.3568570613861084	-1.8164379596710205	0.13269680738449097	-0.5444470047950745	-2.671816349029541	1.5641707181930542	0.6345715522766113	-1.1048426628112793	-1.0626049041748047
-1.0961822271347046	-0.25727295875549316	0.5291466116905212	0.22516360878944397	-0.36963605880737305	2.140340805053711	-0.10443758964538574	0.9206157922744751	1.3887403011322021	1.2747853994369507	1.5088443756103516	-0.14655525982379913	-1.4368891716003418	-2.4896652698516846	-1.4473353624343872	0.8248153924942017	0.09352316707372665	-0.24062184989452362	0.29284366965293884	-0.238115131855011
-0.76368248462677	-0.11773338913917542	-0.14583277702331543	-1.2589777708053589	1.672335147857666	-1.8063483238220215	-0.37678399682044983	-0.2683168947696686	-0.16548234224319458	2.121997833251953	-0.6677885055541992	-1.4307831525802612	-1.7327003479003906	-0.19875982403755188	-0.9884172081947327	-0.7268456816673279	1.5448628664016724	-1.5054761171340942	-0.08227074891328812	0.9711941480636597
-2.6804006099700928	-0.5130296945571899	0.3586823344230652	1.0104649066925049	0.8429796695709229	-1.6367018222808838	-0.5998603701591492	0.8293307423591614	-0.2866503894329071	1.7660958766937256	-0.4467950165271759	1.4873130321502686	0.680399477481842	2.290405750274658	-0.7395791411399841	1.5717288255691528	-0.7421622276306152	-0.243934765458107	-0.369272381067276	0.46395784616470337
-0.11552523076534271	-1.3693324327468872	2.341799259185791	-0.631380558013916	0.5148134231567383	-1.0410727262496948	0.28376272320747375	-0.5044148564338684	-0.5082755088806152	-0.9993521571159363	0.11233160644769669	-1.0335583686828613	1.8603466749191284	1.5828356742858887	-0.002159150317311287	-0.21183717250823975	-0.2941361665725708	0.06990482658147812	-1.7945388555526733	-0.6358169913291931
-0.3775097131729126	-1.1951115131378174	-0.2881868779659271	1.0891995429992676	0.9522805213928223	-0.04486476629972458	0.6893371343612671	-0.40035000443458557	1.0121797323226929	-0.6615390181541443	0.1777193546295166	1.7014600038528442	0.6246980428695679	-1.2365062236785889	-0.21901684999465942	1.9499201774597168	-1.6466931104660034	1.8877962827682495	-1.4528377056121826	-0.6425985097885132
0.08201450854539871	1.242081642150879	-1.1605116128921509	0.781801700592041	0.9056106805801392	0.5510296821594238	-1.0323113203048706	0.6110361218452454	0.4120309054851532	2.1383094787597656	-0.9625270366668701	0.6716547608375549	-1.8065893650054932	1.2162541151046753	-0.06007392331957817	-1.0822335481643677	0.8813511729240417	1.2656338214874268	0.22596514225006104	-0.5545303821563721
1.2008532285690308	0.35194048285484314	-2.5288774967193604	-0.688655436038971	0.018325509503483772	-0.7773907780647278	0.8918875455856323	-0.0761813148856163	-2.7373716831207275	0.885913074016571	-1.2884626388549805	-1.2606825828552246	-0.33669212460517883	-0.8228705525398254	0.8349260687828064	-0.5283796787261963	0.7767817378044128	-1.45224928855896	-1.896621584892273	0.7420663833618164
-2.393563747406006	-0.5528857707977295	0.6696079969406128	-1.0765671730041504	0.888906717300415	-0.9180395603179932	1.3728238344192505	0.632584273815155	-2.0059993267059326	0.6071743965148926	-0.18802155554294586	-0.6364702582359314	2.3440282344818115	-0.43109384179115295	2.1951229572296143	1.2797964811325073	0.24348337948322296	-0.2580625116825104	0.7701008319854736	1.0448939800262451
-0.7552241086959839	0.5338722467422485	-0.29195454716682434	-1.6927274465560913	-0.8570774793624878	-0.07033839076757431	0.12545490264892578	-1.0833238363265991	0.8133074641227722	-2.188058376312256	2.054093837738037	-1.597698450088501	0.3423137664794922	-1.2243045568466187	-0.1283562332391739	-1.6349117755889893	-1.4381998777389526	1.0610713958740234	-0.15705309808254242	0.5262407660484314
0.32707977294921875	1.4137176275253296	0.7528007626533508	0.09285923838615417	3.2280466556549072	1.5368424654006958	-0.11817589402198792	1.5506888628005981	-0.17355236411094666	1.6350066661834717	-3.373837535036728e-05	-0.42576420307159424	-0.6410691142082214	-0.9385321140289307	1.6118698120117188	-0.28868594765663147	0.14738735556602478	-0.8224440813064575	-0.09867953509092331	-0.32882702350616455
-0.5474779009819031	-2.278935432434082	-0.5317581295967102	-2.6420671939849854	0.022034043446183205	0.9531251192092896	0.7473462820053101	0.5694063305854797	0.055908627808094025	0.5603509545326233	-0.5317617058753967	-0.17791306972503662	-0.5046408176422119	-0.3963748812675476	-0.7661505937576294	-3.3306219577789307	-0.2716090679168701	-0.3781307339668274	0.6975888013839722	0.7023808360099792
-0.6187127828598022	-1.8581839799880981	-0.7574529051780701	-0.48308560252189636	0.6093370318412781	0.8762199282646179	-0.7181538939476013	0.13746006786823273	-1.5908246040344238	1.0685365200042725	-0.0015737797366455197	1.9288609027862549	-1.8962355852127075	-0.3386590778827667	-0.48062461614608765	1.0888712406158447	0.4231116473674774	1.4984878301620483	0.9169720411300659	-0.21613959968090057
0.8381505012512207	0.5764338374137878	1.3479164838790894	-1.562607765197754	-0.30771419405937195	0.875061571598053	0.348797470331192	1.0527681112289429	0.2835516929626465	-1.8235753774642944	-0.26885032653808594	-0.5343888998031616	0.9885576963424683	-0.045949630439281464	0.698002815246582	0.2407190501689911	0.7767595052719116	-1.0303590297698975	-0.9396026730537415	3.0928139686584473
-0.7219163775444031	1.4852083921432495	1.1598526239395142	-0.9798627495765686	-1.3551194667816162	2.2247300148010254	-1.5603632926940918	0.2686169743537903	0.16422031819820404	2.052302598953247	-0.06771333515644073	1.2131199836730957	-1.0063668489456177	-0.27762776613235474	0.7611405849456787	-0.8103868961334229	-0.579788088798523	0.9351954460144043	-1.7227747440338135	0.035516537725925446
-0.17245866358280182	0.24490824341773987	0.3454459309577942	2.1646692752838135	-0.4854179918766022	2.2070133686065674	0.06771998107433319	1.0632691383361816	-1.8232589960098267	-0.7078645825386047	-0.6593981981277466	1.0909950733184814	1.0014783143997192	-1.450462818145752	-1.0439667701721191	-0.7826879024505615	-1.5970373153686523	-0.6892558932304382	-1.200606346130371	1.02144193649292
-0.2386506348848343	2.3910346031188965	0.4391120970249176	1.5070627927780151	0.9678475260734558	-0.6598889827728271	1.4045863151550293	1.0839701890945435	0.42181843519210815	-1.8494399785995483	-0.17487464845180511	-1.4810947179794312	-0.49758145213127136	-1.688370943069458	0.5592120885848999	-0.6433694362640381	1.0025174617767334	1.3653336763381958	-0.750718891620636	0.06749606877565384
-0.18883055448532104	-0.9265426993370056	-1.1033908128738403	0.7043904066085815	-0.6998465061187744	0.2869226932525635	-0.17616574466228485	-2.659559965133667	1.3618006706237793	0.012085110880434513	-0.07476789504289627	-0.7032217383384705	-1.531114935874939	0.39932355284690857	1.0725589990615845	0.2952214777469635	-1.6303492784500122	0.04847148433327675	1.7674367427825928	1.2003520727157593
-0.4874727427959442	0.5570002198219299	-0.7463515400886536	-0.8004530072212219	-1.153491497039795	-0.5364022254943848	1.0208202600479126	0.6605296730995178	0.16907407343387604	0.25461241602897644	-0.7196565270423889	2.355207681655884	-0.9211418032646179	-0.31087562441825867	1.3633289337158203	1.4525901079177856	0.8143092393875122	1.930974006652832	1.0392138957977295	-0.3853183686733246
-2.700870990753174	0.002184597309678793	0.4381474554538727	0.8935165405273438	-1.7952733039855957	-0.3127020001411438	0.11790905147790909	2.2826530933380127	0.3757789134979248	1.7953680753707886	0.9794623851776123	-2.2621588706970215	0.19334359467029572	-0.37999388575553894	1.1696728467941284	0.08499428629875183	1.0904468297958374	-1.3956241607666016	0.15902341902256012	1.0216336250305176
1.0124961137771606	-0.6293407678604126	-1.3337608575820923	2.1720004081726074	-1.422408103942871	1.8752607107162476	-1.0355145931243896	1.8812509775161743	-1.6950076818466187	0.33368784189224243	-0.8859255313873291	0.6909873485565186	0.21129608154296875	-0.0356828011572361	0.5643784999847412	0.8795082569122314	1.123638391494751	1.2183659076690674	1.6568320989608765	1.2533119916915894
-0.7629649043083191	-0.4665442407131195	1.578774333000183	1.6844842433929443	0.18632271885871887	2.048933982849121	1.2137882709503174	-0.2234479933977127	-0.12707340717315674	1.1129066944122314	-1.502408504486084	-0.9612454175949097	-0.2740180194377899	0.18114115297794342	-0.43173256516456604	0.12015055865049362	-0.08545704931020737	0.539539635181427	-0.2665579319000244	-2.2626006603240967
-1.2353439331054688	2.428511619567871	-2.318790912628174	-0.4250112473964691	-0.8241965770721436	0.8157713413238525	-1.6524533033370972	0.9904789924621582	1.5535979270935059	1.1550270318984985	0.8236438632011414	-1.6737326383590698	0.21327586472034454	0.6082900762557983	-0.7345377206802368	1.5149028301239014	0.5884073972702026	-0.46629226207733154	0.7809906601905823	0.5070797801017761
0.24236269295215607	0.5684135556221008	-1.3236109018325806	0.9622997045516968	0.36881858110427856	0.7030805945396423	0.2869815528392792	-0.34934622049331665	1.4174784421920776	0.0279021468013525	-1.7823601961135864	-1.578926682472229	1.7706069946289062	1.7596378326416016	-0.7800529599189758	0.6349383592605591	-1.4696561098098755	2.031964063644409	-1.7189127206802368	-1.8134793043136597
-1.843231439590454	0.06400515884160995	-1.2608343362808228	-0.8328111171722412	-0.5407406091690063	0.14962905645370483	1.9359467029571533	1.6198821067810059	-0.927735447883606	-1.166700005531311	0.27664971351623535	-2.630249261856079	0.5990175008773804	0.12775564193725586	-1.795341968536377	-0.11222361028194427	0.17230334877967834	0.14453448355197906	0.17062965035438538	-0.32421478629112244
-2.606731653213501	-0.6269257068634033	1.2743886709213257	0.803128182888031	-0.7422388792037964	0.12940602004528046	-1.1101562976837158	0.5283183455467224	0.13810037076473236	-0.06422802805900574	-1.1389638185501099	0.1446278691291809	0.9558979272842407	-1.6184918880462646	-0.013460115529596806	2.64147686958313	0.27890416979789734	0.0013538821367546916	-2.625591993331909	-0.6855823397636414
-0.630882740020752	0.38691627979278564	-0.264632910490036	-0.6743485927581787	0.8738322854042053	-0.4487731158733368	-1.8284462690353394	0.30113404989242554	0.41156184673309326	0.25929349660873413	-2.104921579360962	-0.5036894083023071	-2.146610736846924	0.21399112045764923	-1.6623200178146362	0.17542605102062225	-2.2721669673919678	-0.0012271818704903126	-2.24412202835083	0.5179650187492371
-0.09763908386230469	1.0794481039047241	1.222345232963562	2.8137760162353516	-0.1313280463218689	0.9547105431556702	2.088243246078491	0.8281020522117615	0.7162977457046509	-0.3244793713092804	0.20772850513458252	0.7227461934089661	0.017696436494588852	1.2743593454360962	0.49211472272872925	2.7409465312957764	-1.0846772193908691	0.18969495594501495	-1.2688632011413574	1.4397609233856201
-0.7154849767684937	-0.2257269322872162	0.05686113238334656	0.2819766700267792	-0.32947227358818054	1.74199378490448	1.6671210527420044	0.9134560823440552	-0.3260842263698578	-2.57517147064209	-1.1721985340118408	0.6336143612861633	-0.13237924873828888	-0.9478371143341064	-1.1375571489334106	0.6765519976615906	-0.05650556832551956	2.1187565326690674	-0.8696581125259399	-0.06768784672021866
-1.5356402397155762	-1.0702369213104248	0.674930989742279	-0.09550043940544128	1.5148141384124756	0.11704432964324951	1.1420037746429443	-0.43397367000579834	-2.0197806358337402	0.02483387477695942	0.06731976568698883	2.379002332687378	0.8270066976547241	-0.3790940046310425	0.7682889699935913	0.32467639446258545	-2.0417282581329346	0.8968377709388733	0.5770617723464966	1.2833240032196045
-0.2899390161037445	0.6408396363258362	-0.36896127462387085	-1.7561053037643433	1.7210843563079834	0.6050504446029663	-2.1261703968048096	0.6871253848075867	0.6865676641464233	-1.5277329683303833	-1.8654018640518188	2.119292974472046	-1.4134031534194946	-1.021004557609558	1.7388923168182373	-1.5348286628723145	1.380739688873291	-0.5531638264656067	0.1749793291091919	0.3527298867702484
-1.5654672384262085	-1.2859373092651367	1.2746193408966064	-0.6697353720664978	3.294726848602295	-0.10174044221639633	-0.9424481391906738	-0.020028404891490936	0.17777970433235168	-1.4316906929016113	2.041743278503418	-1.1277203559875488	-0.6572040319442749	-0.2679964005947113	0.09970316290855408	-0.7540769577026367	-0.9426403045654297	0.0001315086701652035	1.0149459838867188	0.34751296043395996
-0.2781006395816803	-0.9576590061187744	-1.150986671447754	-1.4492216110229492	0.054891910403966904	0.7716332674026489	-1.437326192855835	0.8287371397018433	-0.13420549035072327	-0.07340075820684433	-1.706404685974121	-0.9226718544960022	-0.9092667698860168	-1.3273987770080566	0.7721944451332092	1.0577551126480103	-0.5097333788871765	1.260287880897522	-0.024752983823418617	-1.4458112716674805
-0.3277965784072876	0.7970373630523682	-0.9180765151977539	0.6650515794754028	1.684696078300476	-0.37732255458831787	0.0020398872438818216	-0.26702284812927246	1.557797908782959	-0.6213257312774658	-0.9543886184692383	1.3565009832382202	2.038529872894287	-0.04202863946557045	-0.4186171591281891	-1.0899803638458252	-1.20980966091156	-0.6280556321144104	0.33608031272888184	-0.5970149636268616
-1.2435088157653809	0.7257457971572876	1.6109087467193604	2.994882583618164	-0.2857554852962494	0.003482384607195854	-1.4714350700378418	0.9823853373527527	0.16124555468559265	1.0189687013626099	0.09815051406621933	-0.2216957062482834	-0.7161499261856079	-1.0884828567504883	0.19000950455665588	0.06430018693208694	1.3560118675231934	2.0833346843719482	1.9103156328201294	-0.6536446213722229
-0.4469168484210968	0.037762947380542755	0.4200991690158844	-0.42234039306640625	0.5693839192390442	0.8010361790657043	-0.982472836971283	0.06117328628897667	-2.3109679222106934	0.05903533101081848	0.6353040933609009	-2.135718584060669	-0.8528814911842346	0.7241031527519226	1.1583350896835327	-0.47168418765068054	-3.6682114601135254	-0.11188505589962006	-0.3189123868942261	-0.05391668155789375
0.6096463203430176	-1.7439544200897217	1.30147123336792	0.5477272272109985	0.6678314208984375	0.32344818115234375	0.9775900840759277	0.7510074973106384	0.3116854727268219	-0.8176090717315674	0.14901423454284668	-1.1547954082489014	0.19409026205539703	-2.0566232204437256	-0.09275530278682709	-0.9515494704246521	0.5085127353668213	-1.2097529172897339	0.41115039587020874	-1.1690136194229126
-0.4750598073005676	2.245079517364502	-0.4974662661552429	0.19342786073684692	-0.37407687306404114	-0.9735773801803589	0.2904519736766815	1.3578070402145386	0.49900639057159424	-0.02328159101307392	-0.9368395805358887	-0.4613404870033264	0.022190585732460022	-3.1436846256256104	-1.6085844039916992	0.7026967406272888	0.053358063101768494	1.2258847951889038	1.5170670747756958	0.8269696831703186
-0.152840718626976	0.2966432571411133	-0.15440140664577484	-0.12102106213569641	0.7108164429664612	-1.3815603256225586	0.7229695916175842	3.4672632217407227	-0.815436601638794	0.745032548904419	-0.45564699172973633	0.23962926864624023	0.09181942045688629	-2.764251708984375	-0.5156413912773132	0.39834359288215637	1.0435807704925537	0.847810685634613	-1.4345686435699463	-1.3413166999816895
-1.5066112279891968	-0.7406415343284607	-2.1032421588897705	0.1776038408279419	0.9426113367080688	1.3237487077713013	-1.474735140800476	0.5520235896110535	-1.5440682172775269	1.8750263452529907	0.5937390327453613	0.49153032898902893	-0.132187157869339	0.25669339299201965	0.41551002860069275	1.1190146207809448	-0.588965654373169	0.20660634338855743	1.132745385169983	-2.1379644870758057
0.9830738306045532	0.6167607307434082	0.5720135569572449	0.472434401512146	-1.7733324766159058	-3.655606269836426	-1.8636884689331055	0.015963250771164894	-0.330565869808197	0.36128732562065125	-0.9210794568061829	1.528095006942749	-0.5652525424957275	-0.4016536474227905	0.792340099811554	0.7966874837875366	-1.1982425451278687	-0.9426125884056091	-1.0625652074813843	-1.338432788848877
0.20434650778770447	-0.5811954736709595	0.5912032127380371	0.030774028971791267	-0.02036713995039463	-0.050198715180158615	0.19853049516677856	1.0327949523925781	0.30686435103416443	-0.8174636363983154	-1.6257710456848145	1.6767361164093018	-3.2237486839294434	-0.509663462638855	1.5520769357681274	-0.015465195290744305	-0.03954412415623665	-0.2792712450027466	-1.7875608205795288	1.0179804563522339
-1.2697950601577759	-0.08766279369592667	1.210960865020752	-0.4481327533721924	0.12158902734518051	0.42680078744888306	0.5449085831642151	-0.07365846633911133	0.8211202621459961	0.7681217193603516	-2.1404030323028564	-3.0446670055389404	0.8838475346565247	-0.02488412708044052	0.8090600967407227	1.0028339624404907	-0.485971063375473	0.039622098207473755	-0.25453343987464905	1.3943524360656738
-0.43905404210090637	0.2130022495985031	-0.4705849289894104	-1.6030733585357666	1.0799013376235962	0.025539806112647057	-0.9734299778938293	0.3018137514591217	1.9715545177459717	0.9960379004478455	-1.8892103433609009	-0.6462047696113586	1.4501183032989502	0.8133893609046936	-1.270443081855774	-1.3046680688858032	2.165560007095337	0.31909453868865967	-1.2576230764389038	0.5977747440338135
-1.107264518737793	-0.14151298999786377	1.3077576160430908	0.07783332467079163	0.9933919906616211	1.4164788722991943	-1.662926435470581	0.1763067990541458	-0.6765526533126831	-0.6726898550987244	0.5500376224517822	1.4125186204910278	-1.0330283641815186	0.7101728320121765	-1.8951363563537598	-0.6373645663261414	-3.261854648590088	0.2341133952140808	-0.7434800267219543	1.491340160369873
-1.2851183414459229	2.049138069152832	-0.030242064967751503	0.1635618358850479	-0.1968056708574295	-0.4440324306488037	-0.6737635135650635	0.8882789015769958	-0.46886974573135376	-1.1435474157333374	0.4630514085292816	1.1681315898895264	0.12156685441732407	0.4830819070339203	-0.5796984434127808	1.273729681968689	-1.063146948814392	-0.13991083204746246	-0.7933350801467896	-0.6711653470993042
1.865254521369934	-2.462672233581543	-1.2354947328567505	-1.5876864194869995	1.074648380279541	-2.7413017749786377	2.000922441482544	0.9170518517494202	-1.2916442155838013	-0.2666175961494446	-3.069387435913086	3.8577868938446045	0.960470974445343	-0.9451486468315125	-2.2336151599884033	-1.3681350946426392	0.9691928625106812	-0.8824375867843628	-0.7608504891395569	2.2545225620269775
1.1025687456130981	-0.7132689356803894	-0.30591532588005066	2.028783082962036	-0.09820279479026794	0.2620120048522949	-0.9312528371810913	-0.7539167404174805	2.148287534713745	2.0001652240753174	1.0344758033752441	3.0204172134399414	1.499710202217102	-0.4689038395881653	1.6891732215881348	-1.335013508796692	0.9627789855003357	-0.8211795687675476	0.3971330225467682	-0.7737373113632202
-1.3647184371948242	0.002626023255288601	1.6807829141616821	0.4932597875595093	-1.4445079565048218	0.9710646867752075	0.39319923520088196	-1.1223526000976562	-0.9764165282249451	-0.4642695188522339	0.3142348825931549	-0.44115954637527466	0.8095036745071411	0.6269474029541016	0.6945916414260864	-0.21065829694271088	0.6093571186065674	-0.6058046817779541	1.332458734512329	1.026528239250183
1.201141119003296	-0.2349884957075119	-1.1828083992004395	-1.346723198890686	0.5059775710105896	1.6325507164001465	-0.603762686252594	0.4111582934856415	0.8825070261955261	-2.525221824645996	0.10313381999731064	-0.019581979140639305	-1.4506309032440186	-0.5222609639167786	-1.2146185636520386	-0.9730604887008667	-1.9616349935531616	-1.3795247077941895	-0.3314868211746216	2.2504053115844727
-2.8733770847320557	-3.168259382247925	-0.9540309309959412	0.6613984107971191	0.18348929286003113	0.4605317711830139	-1.2330915927886963	0.8081413507461548	0.6237567663192749	1.4548921585083008	0.3000164330005646	-0.9526365399360657	1.4736874103546143	1.2636321783065796	-1.1969263553619385	-0.3737461566925049	-0.294565349817276	0.24858704209327698	-0.6586145162582397	-0.1752171516418457
-1.1513139009475708	2.7297005653381348	-0.21172603964805603	0.34693604707717896	0.9559386968612671	-0.287753164768219	1.0735704898834229	1.8846056461334229	-0.15049231052398682	1.187917709350586	-1.5960100889205933	1.0101968050003052	-0.21952225267887115	0.005865724291652441	0.6868730187416077	1.256736397743225	-0.8147374987602234	-1.490868091583252	0.24085552990436554	-0.6725192666053772
0.7842293381690979	-1.6715713739395142	-1.0766141414642334	0.55275559425354	0.878690242767334	1.916208028793335	0.4906529188156128	-1.1085950136184692	1.5253143310546875	1.8063894510269165	1.915327548980713	-0.6836893558502197	-0.3348420262336731	0.5797983407974243	-1.0457148551940918	0.2659662961959839	-1.301716685295105	-1.4736716747283936	0.3161604702472687	0.7036525011062622
0.6025872826576233	-1.4020397663116455	1.3053230047225952	-1.0456713438034058	-0.26106128096580505	-0.7046524882316589	-0.5662033557891846	-0.9814887642860413	-1.6529515981674194	-1.4931217432022095	-0.5479335188865662	-0.6108195185661316	-1.640073299407959	1.235073447227478	1.4006232023239136	-0.1435472071170807	0.2086814045906067	0.9034450650215149	-0.6023927330970764	-0.7758405208587646
